date,log_rate_mean,log_rate_lower,log_rate_upper,rate_mean,rate_lower,rate_upper
2022-12-31,-2.8324821831480396,-2.8530421831480797,-2.8130421831480796,0.05887005417322778,0.05766861525650763,0.060022116091728674
2023-01-01,-2.833065183148113,-2.85316518314808,-2.79316518314808,0.05883924911393872,0.05766152245304741,0.06122711187009158
2023-01-02,-2.8334281831480665,-2.87328818314808,-2.79328818314808,0.0588219506701615,0.05651279630787032,0.06121958139846507
2023-01-03,-2.8336311831481042,-2.8734111831480798,-2.7934111831480797,0.05881271666841547,0.05650584566139798,0.0612120518530296
2023-01-04,-2.834034183148037,-2.8735341831480796,-2.7935341831480796,0.058792542551778904,0.05649889586980258,0.06120452323367127
2023-01-05,-2.834517183148104,-2.89365718314808,-2.77365718314808,0.058767886959867885,0.05537333143622159,0.06243325685580112
2023-01-06,-2.8348801831480683,-2.89378018314808,-2.7737801831480797,0.05874972160753127,0.05536652093530933,0.062425578037464874
2023-01-07,-2.8351631831480733,-2.8939031831480797,-2.7739031831480796,0.05873593987985944,0.055359711272037176,0.062417900163565194
2023-01-08,-2.835306183148109,-2.89402618314808,-2.77402618314808,0.0587303815598802,0.05535290244630207,0.06241022323398591
2023-01-09,-2.835329183148056,-2.89414918314808,-2.77414918314808,0.058732512905212246,0.05534609445800104,0.06240254724861091
2023-01-10,-2.835812183148117,-2.8942721831480798,-2.7542721831480796,0.058706840844508376,0.05533928730703108,0.06365533223671019
2023-01-11,-2.835435183148043,-2.9143951831480797,-2.7543951831480795,0.05873195211991385,0.054236824460393324,0.0636475031123461
2023-01-12,-2.835138183148108,-2.91451818314808,-2.75451818314808,0.05875301427214322,0.05423015374124232,0.06363967495090506
2023-01-13,-2.835481183148062,-2.91464118314808,-2.7546411831480797,0.05873719097316202,0.05422348384253933,0.06363184775226868
2023-01-14,-2.8356041831480696,-2.9147641831480797,-2.7547641831480796,0.05873417804636708,0.054216814764183434,0.06362402151631855
2023-01-15,-2.8357671831480995,-2.91488718314808,-2.75488718314808,0.05872790862610875,0.054210146506073704,0.0636161962429362
2023-01-16,-2.836390183148055,-2.91501018314808,-2.7550101831480798,0.05869548687706358,0.0542034790681093,0.0636083719320033
2023-01-17,-2.836193183148115,-2.93513318314808,-2.7551331831480796,0.05871065915854991,0.05312364366113063,0.06360054858340149
2023-01-18,-2.836056183148047,-2.9352561831480797,-2.75475618314808,0.05872390895434702,0.05311710985479764,0.06362484265414067
2023-01-19,-2.836499183148102,-2.93537918314808,-2.73537918314808,0.05870124031107624,0.05311057685207339,0.06486940505460012
2023-01-20,-2.8363821831480585,-2.93550218314808,-2.7355021831480797,0.05871149118571167,0.053104044652859075,0.0648614266084629
2023-01-21,-2.836865183148083,-2.9356251831480797,-2.7356251831480796,0.058685672223764175,0.05309751325705586,0.06485344914361423
2023-01-22,-2.8373281831480894,-2.93574818314808,-2.73574818314808,0.0586623493162776,0.0530909826645649,0.06484547265993333
2023-01-23,-2.837771183148067,-2.93587118314808,-2.7358711831480798,0.05863990429435105,0.05308445287528744,0.06483749715729964
2023-01-24,-2.8383941831481074,-2.93599418314808,-2.7359941831480796,0.05860670340863432,0.05307792388912466,0.06482952263559244
2023-01-25,-2.838317183148055,-2.93661718314808,-2.73561718314808,0.05861474262379585,0.05304512360486679,0.06485428614854914
2023-01-26,-2.838300183148105,-2.95624018314808,-2.71624018314808,0.0586190279064457,0.05201411353209591,0.06612289763239802
2023-01-27,-2.83832318314805,-2.93636318314808,-2.7163631831480797,0.05861940485316548,0.05305834174833674,0.06611476501615539
2023-01-28,-2.838406183148091,-2.9564861831480798,-2.7164861831480795,0.05861793358627693,0.05200131963388103,0.06610663340016305
2023-01-29,-2.8387691831480804,-2.95660918314808,-2.71660918314808,0.05859939722062395,0.051994923864913896,0.06609850278429794
2023-01-30,-2.8385321831480756,-2.95673218314808,-2.7167321831480797,0.058616388963690785,0.051988528882577996,0.0660903731684371
2023-01-31,-2.8391151831481034,-2.95685518314808,-2.7168551831480796,0.058587469342584554,0.05198213468677655,0.06608224455245752
2023-02-01,-2.8393381831480475,-2.9569781831480797,-2.7169781831480795,0.058578317210663304,0.05197574127741282,0.06607411693623622
2023-02-02,-2.8394211831481107,-2.95710118314808,-2.71710118314808,0.05857592187236588,0.051969348654390055,0.06606599031965021
2023-02-03,-2.8399441831480527,-2.95722418314808,-2.7172241831480797,0.05854649600283551,0.051962956817611594,0.06605786470257659
2023-02-04,-2.839667183148096,-2.9573471831480798,-2.7173471831480795,0.058566085639486495,0.051956565766980704,0.06604974008489242
2023-02-05,-2.8390701831480754,-2.95747018314808,-2.71697018314808,0.05860500045240646,0.05195017550240068,0.0660749696952286
2023-02-06,-2.8392131831480665,-2.95809318314808,-2.71709318314808,0.05859933699471495,0.05191807212685636,0.0660668429737597
2023-02-07,-2.838796183148101,-2.95821618314808,-2.6977161831480796,0.05862749403963404,0.05191168659670292,0.06735917322169706
2023-02-08,-2.8385391831480535,-2.95833918314808,-2.6978391831480795,0.058647050431576975,0.05190530185192139,0.06735088855290837
2023-02-09,-2.8392021831481133,-2.97796218314808,-2.69796218314808,0.05861110037499016,0.05089644589301786,0.06734260490307126
2023-02-10,-2.839085183148056,-2.97808518314808,-2.6980851831480797,0.05862129353654438,0.05089018601516341,0.06733432227206043
2023-02-11,-2.839528183148091,-2.97820818314808,-2.6982081831480795,0.05860061785290678,0.05088392690722658,0.06732604065975058
2023-02-12,-2.8403711831480725,-2.97833118314808,-2.69833118314808,0.058554236170525596,0.05087766856911266,0.06731776006601636
2023-02-13,-2.840094183148078,-2.97845418314808,-2.6984541831480797,0.05857354841845004,0.05087141100072701,0.06730948049073257
2023-02-14,-2.840757183148097,-2.97857718314808,-2.6985771831480796,0.058536712802892625,0.05086515420197494,0.06730120193377391
2023-02-15,-2.84140018314806,-2.9787001831480797,-2.6987001831480795,0.05850363159698204,0.050858898172761784,0.06729292439501514
2023-02-16,-2.8414431831481055,-2.97882318314808,-2.69882318314808,0.05850526636221845,0.05085264291299288,0.06728464787433097
2023-02-17,-2.8416461831480593,-2.97944618314808,-2.6789461831480796,0.05849810057635367,0.05082121777386546,0.06863544524564155
2023-02-18,-2.841709183148095,-2.99906918314808,-2.6990691831480795,0.058497971962432276,0.04983343258505823,0.06726809788668585
2023-02-19,-2.8422321831480644,-2.99919218314808,-2.67919218314808,0.058470495627538144,0.04982730344979979,0.06861856300271213
2023-02-20,-2.8430551831480875,-2.99931518314808,-2.6793151831480797,0.058424858954685216,0.04982117506837866,0.06861012343850664
2023-02-21,-2.842858183148086,-2.99943818314808,-2.6794381831480796,0.05844056617834978,0.04981504744070208,0.06860168491230371
2023-02-22,-2.842661183148062,-2.9995611831480797,-2.6795611831480795,0.058454187034472305,0.04980892056667736,0.06859324742397568
2023-02-23,-2.842564183148104,-2.99968418314808,-2.6796841831480798,0.05846337926261092,0.04980279444621177,0.06858481097339486
2023-02-24,-2.842727183148054,-2.99980718314808,-2.6798071831480796,0.05845289299279,0.04979666907921269,0.06857637556043367
2023-02-25,-2.8425901831481033,-2.99993018314808,-2.6799301831480795,0.05846377733380376,0.04979054446558741,0.06856794118496447
2023-02-26,-2.8429531831480612,-3.00005318314808,-2.68005318314808,0.05844612831894017,0.04978442060524326,0.06855950784685963
2023-02-27,-2.84313618314809,-3.00017618314808,-2.6801761831480797,0.058441260256692024,0.04977829749808763,0.0685510755459916
2023-02-28,-2.843319183148084,-3.00029918314808,-2.6802991831480796,0.0584325955243699,0.04977217514402787,0.0685426442822328
2023-03-01,-2.8430821831480633,-3.0004221831480797,-2.6804221831480795,0.05844980358249481,0.04976605354297134,0.06853421405545568
2023-03-02,-2.8434051831481026,-3.00054518314808,-2.6805451831480798,0.05843657232549047,0.04975993269482542,0.06852578486553264
2023-03-03,-2.8435681831480584,-3.00066818314808,-2.6806681831480796,0.0584320146651732,0.049753812599497536,0.06851735671233623
2023-03-04,-2.843731183148098,-3.00079118314808,-2.6807911831480795,0.058427283896802996,0.04974769325689509,0.06850892959573893
2023-03-05,-2.844074183148063,-3.00091418314808,-2.68041418314808,0.05841189393490718,0.04974157466692548,0.06853509856470122
2023-03-06,-2.8443571831480865,-3.00103718314808,-2.6610371831480797,0.05839858119752016,0.049735456829496164,0.06987571023818029
2023-03-07,-2.8444201831480784,-3.00166018314808,-2.6611601831480796,0.05840011650649551,0.04970472207195157,0.06986711605437414
2023-03-08,-2.845103183148071,-3.0212831831480798,-2.6612831831480794,0.058364196155058536,0.048738637620868185,0.0698585229275876
2023-03-09,-2.845566183148098,-3.02140618314808,-2.6614061831480798,0.05834411327213805,0.048732643137109115,0.06984993085769062
2023-03-10,-2.8456691831480665,-3.02152918314808,-2.6615291831480796,0.05834218370994295,0.04872664939062622,0.06984133984455326
2023-03-11,-2.8458921831480963,-3.02165218314808,-2.6616521831480795,0.05833140277259385,0.04872065638132881,0.06983274988804555
2023-03-12,-2.8459951831480605,-3.02177518314808,-2.66177518314808,0.05832905178904581,0.048714664109126185,0.06982416098803747
2023-03-13,-2.8463381831480903,-3.02189818314808,-2.6618981831480797,0.05831221073872126,0.04870867257392773,0.06981557314439917
2023-03-14,-2.8463211831480746,-3.02202118314808,-2.6620211831480796,0.05832000997200467,0.0487026817756428,0.06980698635700067
2023-03-15,-2.8465441831480796,-3.0421441831480793,-2.6621441831480794,0.05830965484683591,0.04773243261266803,0.06979840062571206
2023-03-16,-2.8469071831480948,-3.0227671831480802,-2.6622671831480798,0.058291814384782634,0.04866659887682746,0.06978981595040343
2023-03-17,-2.8467701831480685,-3.02289018314808,-2.6623901831480796,0.058299508334398904,0.04866061325328902,0.06978123233094496
2023-03-18,-2.8466931831480955,-3.02301318314808,-2.6625131831480795,0.05830917816883019,0.04865462836593699,0.06977264976720675
2023-03-19,-2.8468161831480554,-3.0426361831480797,-2.66263618314808,0.05830606639425312,0.04770895403202703,0.06976406825905894
2023-03-20,-2.8473191831480973,-3.04275918314808,-2.6627591831480797,0.05827884971962353,0.04770308619156066,0.06975548780637174
2023-03-21,-2.846842183148072,-3.0428821831480795,-2.6628821831480796,0.05830568862227745,0.04769721907279433,0.06974690840901532
2023-03-22,-2.8462451831480786,-3.0430051831480798,-2.6430051831480794,0.05834500050705862,0.04769135267563918,0.07114713778543864
2023-03-23,-2.8460081831480903,-3.04312818314808,-2.6431281831480797,0.05836149530508672,0.047685487000006514,0.07113838722566146
2023-03-24,-2.846111183148063,-3.0432511831480795,-2.6432511831480796,0.058357607899408394,0.04767962204580761,0.07112963774213699
2023-03-25,-2.8469341831481008,-3.04337418314808,-2.6433741831480795,0.05831209999583658,0.04767375781295368,0.07112088933473279
2023-03-26,-2.8470771831480617,-3.04349718314808,-2.64349718314808,0.05830634101711186,0.047667894301356026,0.07111214200331652
2023-03-27,-2.847220183148093,-3.0436201831480796,-2.6436201831480797,0.058301827072341876,0.04766203151092599,0.07110339574775586
2023-03-28,-2.847383183148069,-3.04374318314808,-2.6437431831480795,0.05829667877449042,0.04765616944157479,0.07109465056791847
2023-03-29,-2.847646183148075,-3.0438661831480793,-2.6438661831480794,0.05828741255959856,0.047650308093213814,0.07108590646367206
2023-03-30,-2.848369183148084,-3.0439891831480796,-2.6439891831480797,0.05824928687817161,0.04764444746575431,0.07107716343488431
2023-03-31,-2.8481521831480756,-3.04411218314808,-2.6441121831480796,0.058264464131111054,0.04763858755910765,0.07106842148142298
2023-04-01,-2.8484151831480933,-3.0442351831480794,-2.6242351831480795,0.058257031824016196,0.04763272837318523,0.07249518137321283
2023-04-02,-2.848298183148067,-3.0443581831480797,-2.62435818314808,0.05826542263305247,0.047626869907898314,0.07248626501427122
2023-04-03,-2.8477811831480935,-3.04498118314808,-2.62448118314808,0.05829772235152166,0.04759743818267568,0.07247734975197431
2023-04-04,-2.848324183148063,-3.04460418314808,-2.64410418314808,0.05826728342636935,0.04761515513887663,0.07106933869739657
2023-04-05,-2.8486471831480844,-3.0447271831480798,-2.6442271831480797,0.058251747848583446,0.04760929883496463,0.07106059770631876
2023-04-06,-2.8492701831480804,-3.0453501831480803,-2.64435018314808,0.05821561628144998,0.047579877968045116,0.07105185779031671
2023-04-07,-2.849733183148081,-3.0649731831480795,-2.6449731831480796,0.05819242160409568,0.04665509299041598,0.07100725790522552
2023-04-08,-2.849576183148094,-3.0650961831480794,-2.6450961831480795,0.05820271496013027,0.04664935476688615,0.07099852454961557
2023-04-09,-2.8498391831480623,-3.0652191831480797,-2.64521918314808,0.05819053068071996,0.04664361724911438,0.07098979226814225
2023-04-10,-2.8503621831480936,-3.0653421831480796,-2.6253421831480797,0.05816651930792699,0.046637880437013925,0.07241497361062015
2023-04-11,-2.850705183148063,-3.04596518314808,-2.62546518314808,0.058144161040436605,0.04755062533920016,0.07240606711662662
2023-04-12,-2.8510281831480895,-3.04608818314808,-2.6255881831480794,0.058131140871342385,0.047544776971965394,0.07239716171806455
2023-04-13,-2.851251183148078,-3.0657111831480797,-2.64521118314808,0.05812473369176043,0.046620674233872374,0.07099070846931956
2023-04-14,-2.851574183148078,-3.0658341831480795,-2.62583418314808,0.05810631886256821,0.04661494024358925,0.07237935420669557
2023-04-15,-2.8517771831480903,-3.0659571831480794,-2.6259571831480795,0.05809785444996977,0.04660920695854355,0.07237045209361936
2023-04-16,-2.8524801831480664,-3.0660801831480797,-2.62608018314808,0.05806729036313918,0.04660347437864853,0.07236155107543567
2023-04-17,-2.8524631831480973,-3.0667031831480798,-2.62620318314808,0.05807266744636323,0.04657467507575534,0.07235265115200987
2023-04-18,-2.8525661831480615,-3.06682618314808,-2.6263261831480795,0.05806734482248538,0.046568946743020694,0.0723437523232074
2023-04-19,-2.8527691831480944,-3.0664491831480793,-2.62644918314808,0.05805893370458649,0.04658628086900044,0.07233485458889351
2023-04-20,-2.853012183148072,-3.0665721831480797,-2.62657218314808,0.05804939565319579,0.04658055110884102,0.07232595794893362
2023-04-21,-2.8531551831480795,-3.0866951831480796,-2.6266951831480796,0.05804489577828439,0.04565257878623968,0.07231706240319323
2023-04-22,-2.8530181831480887,-3.0868181831480794,-2.62681818314808,0.058059463709863306,0.04564696386437375,0.0723081679515376
2023-04-23,-2.8534411831480737,-3.0869411831480797,-2.6269411831480802,0.05804095060518737,0.04564134963310072,0.07229927459383224
2023-04-24,-2.8533241831480973,-3.0870641831480796,-2.62656418314808,0.0580535380721834,0.04563573609233569,0.07232689139479544
2023-04-25,-2.8534271831480615,-3.0871871831480795,-2.62718718314808,0.05804920733840345,0.04563012324199371,0.07228149115973426
2023-04-26,-2.853270183148087,-3.0873101831480794,-2.6273101831480794,0.05805983737926519,0.045624511081989866,0.07227260108307258
2023-04-27,-2.853793183148069,-3.0874331831480797,-2.6274331831480797,0.0580293720146709,0.04561889961223923,0.07226371209982302
2023-04-28,-2.8536761831480844,-3.0875561831480796,-2.60755618314808,0.05803980804283309,0.04561328883265695,0.07371446848228783
2023-04-29,-2.853459183148084,-3.0876791831480794,-2.60767918314808,0.05805707148941459,0.04560767874315812,0.07370540216025474
2023-04-30,-2.853842183148079,-3.0878021831480797,-2.60780218314808,0.05803756806258032,0.04560206934365783,0.07369633695331067
2023-05-01,-2.8543651831480927,-3.0879251831480796,-2.60792518314808,0.058013270692426296,0.04559646063407128,0.0736872728613185
2023-05-02,-2.854108183148058,-3.0880481831480795,-2.60804818314808,0.058029273040154386,0.04559085261431358,0.0736782098841411
2023-05-03,-2.8542911831480917,-3.0881711831480794,-2.60817118314808,0.058024938566178026,0.04558524528429989,0.07366914802164132
2023-05-04,-2.854354183148069,-3.0882941831480797,-2.60829418314808,0.05802326124694148,0.04557963864394536,0.07366008727368206
2023-05-05,-2.85497718314809,-3.0884171831480796,-2.60841718314808,0.05798821388072477,0.0455740326931652,0.0736510276401263
2023-05-06,-2.8548001831480825,-3.0885401831480794,-2.60854018314808,0.05800563511320029,0.04556842743187458,0.07364196912083693
2023-05-07,-2.855083183148074,-3.1086631831480798,-2.60866318314808,0.05799793840689642,0.04466061851947161,0.07363291171567687
2023-05-08,-2.8552461831480915,-3.1087861831480796,-2.60878618314808,0.057989568145912836,0.044655125601215116,0.07362385542450918
2023-05-09,-2.8554491831480657,-3.1094091831480797,-2.60890918314808,0.05798335076457257,0.04462753030912437,0.0736148002471968
2023-05-10,-2.854652183148097,-3.1090321831480794,-2.60903218314808,0.058028344917688664,0.04464414179138123,0.07360574618360273
2023-05-11,-2.8551551831480686,-3.1091551831480797,-2.60915518314808,0.05800334071747732,0.044638650899637644,0.07359669323358996
2023-05-12,-2.855538183148081,-3.1092781831480796,-2.6087781831480803,0.05798594549507809,0.044633160683232226,0.07362480562116226
2023-05-13,-2.855921183148079,-3.1094011831480795,-2.60890118314808,0.05796568857833128,0.044627671142081896,0.07361575032698289
2023-05-14,-2.8557241831480735,-3.1095241831480798,-2.6090241831480805,0.057982048685622824,0.04462218227610358,0.07360669614653616
2023-05-15,-2.8557071831480916,-3.1296471831480797,-2.58964718314808,0.05798734570058445,0.0437332243496604,0.07504651308948715
2023-05-16,-2.8557501831480727,-3.1297701831480795,-2.58977018314808,0.057994747107662274,0.043727845493871806,0.07503728293604323
2023-05-17,-2.8558131831480953,-3.1298931831480794,-2.60939318314808,0.057993783827265395,0.04372246729964179,0.07357954028622248
2023-05-18,-2.8560161831480677,-3.1300161831480797,-2.61001618314808,0.05798398989879135,0.04371708976688896,0.07353335375227545
2023-05-19,-2.855999183148084,-3.1301391831480796,-2.61013918314808,0.05798735322432069,0.04371171289553201,0.07352430970598418
2023-05-20,-2.8564021831480764,-3.1302621831480795,-2.59026218314808,0.05796919560642788,0.04370633668548956,0.07500037367326189
2023-05-21,-2.856325183148081,-3.13038518314808,-2.59038518314808,0.05797682393617697,0.04370096113668026,0.07499114919461711
2023-05-22,-2.8561281831480847,-3.1305081831480797,-2.59050818314808,0.0579918357343977,0.043695586249022825,0.07498192585051347
2023-05-23,-2.856171183148071,-3.1306311831480795,-2.59063118314808,0.05799297245483813,0.043690212022435906,0.07497270364081139
2023-05-24,-2.856614183148092,-3.1307541831480794,-2.59075418314808,0.05796897303956098,0.04368483845683822,0.07496348256537134
2023-05-25,-2.8566971831480656,-3.1308771831480797,-2.59087718314808,0.05797133522423171,0.043679465552148425,0.0749542626240538
2023-05-26,-2.8568201831480895,-3.1310001831480796,-2.59100018314808,0.05797336036045372,0.04367409330828528,0.07494504381671932
2023-05-27,-2.8565831831480755,-3.1316231831480796,-2.59112318314808,0.05799048399431907,0.04364710425953859,0.07493582614322841
2023-05-28,-2.857186183148082,-3.13174618314808,-2.59124618314808,0.057959769968615925,0.04364173599586964,0.0749266096034416
2023-05-29,-2.8578091831480816,-3.13186918314808,-2.59136918314808,0.05792940284764244,0.043636368392456534,0.07491739419721948
2023-05-30,-2.8579121831480725,-3.1319921831480797,-2.59149218314808,0.05792720306071396,0.04363100144921804,0.07490817992442263
2023-05-31,-2.8579351831480904,-3.1316151831480794,-2.59161518314808,0.05793271638933962,0.043647241998524766,0.07489896678491163
2023-06-01,-2.8585581831480713,-3.1317381831480797,-2.59173818314808,0.057897229265910496,0.04364187371791496,0.07488975477854706
2023-06-02,-2.858801183148089,-3.1323611831480798,-2.59186118314808,0.057888061686501305,0.043614904579738344,0.07488054390518964
2023-06-03,-2.858924183148073,-3.1319841831480795,-2.59198418314808,0.057878166952579975,0.043631139137387906,0.07487133416469996
2023-06-04,-2.8587271831480767,-3.13210718314808,-2.59210718314808,0.05789470781248611,0.04362577283730821,0.07486212555693866
2023-06-05,-2.8588101831480794,-3.1322301831480797,-2.59223018314808,0.05789120364631523,0.04362040719724286,0.0748529180817665
2023-06-06,-2.8589931831480735,-3.1523531831480796,-2.59235318314808,0.057886648612628724,0.04275140651742997,0.07484371173904414
2023-06-07,-2.8594561831480925,-3.1329761831480796,-2.59247618314808,0.057865282052357324,0.043588089659854855,0.07483450652863229
2023-06-08,-2.8595191831480733,-3.1325991831480797,-2.59259918314808,0.0578707325749587,0.04360431423632097,0.07482530245039166
2023-06-09,-2.8595221831480866,-3.1327221831480796,-2.59272218314808,0.05787762600645798,0.04359895123550121,0.07481609950418307
2023-06-10,-2.85938518314807,-3.1528451831480795,-2.59284518314808,0.05788575278386139,0.04273037799886316,0.07480689768986724
2023-06-11,-2.8595481831480813,-3.13346818314808,-2.59296818314808,0.057880989302688916,0.04356664959443077,0.07479769700730494
2023-06-12,-2.8595711831480775,-3.13359118314808,-2.59309118314808,0.057887390741413774,0.04356129122607706,0.07478849745635703
2023-06-13,-2.8595741831480788,-3.1532141831480796,-2.59321418314808,0.057890969691914755,0.042714613398129285,0.07477929903688431
2023-06-14,-2.8593371831480896,-3.1533371831480794,-2.59333718314808,0.05790759560415815,0.042709359823782767,0.0747701017487476
2023-06-15,-2.859820183148072,-3.1534601831480797,-2.59346018314808,0.05788251093428245,0.04270410689558614,0.07476090559180772
2023-06-16,-2.8595631831480888,-3.1535831831480796,-2.59358318314808,0.057901254970211216,0.04269885461345996,0.07475171056592562
2023-06-17,-2.8594061831480686,-3.1537061831480795,-2.59320618314808,0.05791199441540615,0.04269360297732475,0.07478026414580526
2023-06-18,-2.859569183148086,-3.15382918314808,-2.57382918314808,0.057907162434803844,0.042688351987101046,0.0762430371943487
2023-06-19,-2.860052183148078,-3.1539521831480797,-2.59345218314808,0.0578863398226181,0.042683101642709435,0.07476187046334111
2023-06-20,-2.8604951831480787,-3.1540751831480796,-2.57407518314808,0.05786045903458721,0.04267785194407047,0.07622428371397157
2023-06-21,-2.860338183148086,-3.1541981831480794,-2.57419818314808,0.05787065232988765,0.042672602891104736,0.07621490870364972
2023-06-22,-2.8601411831480714,-3.1543211831480797,-2.57432118314808,0.05788497520891638,0.04266735448373278,0.07620553484638318
2023-06-23,-2.860024183148091,-3.1544441831480796,-2.57444418314808,0.05789747073267953,0.04266210672187526,0.07619616214203022
2023-06-24,-2.8597671831480733,-3.1545671831480795,-2.57456718314808,0.057918483953651366,0.04265685960545275,0.076186790590449
2023-06-25,-2.8591701831480867,-3.15469018314808,-2.57469018314808,0.05795496078380183,0.042651613134385855,0.0761774201914977
2023-06-26,-2.8589931831480735,-3.1548131831480797,-2.57431318314808,0.05797110134886647,0.04264636730859523,0.07620651836244251
2023-06-27,-2.859276183148075,-3.1549361831480796,-2.55493618314808,0.05796570281853887,0.042641122128001495,0.07769719029917925
2023-06-28,-2.859839183148084,-3.1550591831480794,-2.55505918314808,0.057935930936354026,0.0426358775925253,0.07768763413248875
2023-06-29,-2.8601421831480707,-3.1551821831480797,-2.57518218314808,0.057923180373278156,0.04263063370208728,0.07613995011915713
2023-06-30,-2.8598651831480915,-3.1553051831480796,-2.57530518314808,0.05794567355799008,0.04262539045660813,0.07613058548122952
2023-07-01,-2.8596481831480736,-3.1554281831480795,-2.55542818314808,0.0579611950868977,0.042620147856008525,0.07765897268385635
2023-07-02,-2.859571183148084,-3.15555118314808,-2.55555118314808,0.05796648865911513,0.04261490590020911,0.07764942121764343
2023-07-03,-2.8596141831480746,-3.1556741831480797,-2.57567418314808,0.05796654519134812,0.04260966458913063,0.07610249847755782
2023-07-04,-2.8597371831480776,-3.1557971831480796,-2.57579718314808,0.05796487309357272,0.042604423922693764,0.07609313844589884
2023-07-05,-2.859760183148084,-3.1559201831480794,-2.57592018314808,0.05796594648267182,0.04259918390081923,0.07608377956545294
2023-07-06,-2.859763183148074,-3.1760431831480798,-2.57604318314808,0.05796439658880034,0.0417505279127654,0.07607442183607852
2023-07-07,-2.8595861831480893,-3.1761661831480796,-2.55616618314808,0.057978026998368265,0.04174539291364105,0.0776016815050609
2023-07-08,-2.8597891831480737,-3.1762891831480795,-2.57578918314808,0.05797335455284738,0.04174025854608276,0.07609412051135923
2023-07-09,-2.8599521831480854,-3.17641218314808,-2.57641218314808,0.05796483211401408,0.04173512481001282,0.0760463555529687
2023-07-10,-2.8600151831480756,-3.1765351831480797,-2.55653518314808,0.05796678211504882,0.0417299917053536,0.07757305176709704
2023-07-11,-2.860878183148082,-3.1766581831480796,-2.57615818314808,0.05793014120569473,0.04172485923202743,0.07606604696077916
2023-07-12,-2.8609611831480812,-3.1767811831480794,-2.5767811831480794,0.05792808094430962,0.04171972738995665,0.07601829962440688
2023-07-13,-2.8614841831480726,-3.1769041831480798,-2.57690418314808,0.05790143583135751,0.04171459617906361,0.07600894994856987
2023-07-14,-2.8615071831480905,-3.1770271831480796,-2.5765271831480803,0.05790559444029041,0.04170946559927072,0.07603798376742824
2023-07-15,-2.8617901831480697,-3.1771501831480795,-2.5766501831480797,0.05789255250796301,0.04170433565050033,0.07602863167059064
2023-07-16,-2.861293183148089,-3.17727318314808,-2.55727318314808,0.0579258163983951,0.04169920633267482,0.07751582397454576
2023-07-17,-2.8615161831480744,-3.1773961831480797,-2.5768961831480803,0.05792015424936907,0.041694077645716615,0.07600993092748533
2023-07-18,-2.8612991831480814,-3.1775191831480796,-2.5770191831480798,0.057933454622067795,0.04168894958954812,0.07600058228093483
2023-07-19,-2.8620221831480777,-3.1776421831480794,-2.55764218314808,0.05788854879676869,0.04168382216409174,0.07748722591216618
2023-07-20,-2.8626651831480707,-3.1777651831480798,-2.5772651831480804,0.057854545396822527,0.04167869536926989,0.07598188843713073
2023-07-21,-2.86264818314809,-3.17838818314808,-2.55788818314808,0.05785587802861894,0.041652939406047494,0.07746816639900801
2023-07-22,-2.862811183148075,-3.1780111831480795,-2.55801118314808,0.05785496144854485,0.04166844367121962,0.07745863840052486
2023-07-23,-2.86327418314809,-3.19813418314808,-2.5576341831480804,0.05783520613189004,0.04083832978178935,0.07748822596985525
2023-07-24,-2.8636571831480753,-3.1982571831480797,-2.53825718314808,0.05781397137474729,0.040833306976135075,0.07900396932571112
2023-07-25,-2.8636201831480816,-3.1983801831480796,-2.5578801831480797,0.057821514469221486,0.040828284788247904,0.07746916621071322
2023-07-26,-2.8636831831480754,-3.1985031831480795,-2.5385031831480798,0.05782680863336599,0.04082326321805185,0.07898453673956311
2023-07-27,-2.863706183148076,-3.19862618314808,-2.53862618314808,0.05782631918478681,0.040818242265470935,0.07897482223899814
2023-07-28,-2.8641691831480887,-3.17924918314808,-2.55874918314808,0.057798770678397296,0.04161709165988817,0.0774014950138885
2023-07-29,-2.8644321831480735,-3.1988721831480795,-2.53887218314808,0.057786215814333755,0.04080820221285074,0.07895539682215161
2023-07-30,-2.864735183148084,-3.19899518314808,-2.53899518314808,0.0577698003921744,0.040803183112659534,0.07894568590557607
2023-07-31,-2.8650181831480763,-3.1991181831480797,-2.53911818314808,0.057753123671145684,0.040798164629779705,0.07893597618336985
2023-08-01,-2.8652011831480837,-3.1992411831480796,-2.55874118314808,0.057748451228247774,0.04079314676413531,0.07740249396512629
2023-08-02,-2.8656241831480753,-3.1993641831480795,-2.5393641831480798,0.05772825630294706,0.04078812951565044,0.07891656032147769
2023-08-03,-2.865807183148081,-3.19948718314808,-2.53948718314808,0.057727988048598515,0.040783112884249156,0.07890685418149797
2023-08-04,-2.865370183148085,-3.1996101831480797,-2.53961018314808,0.05775923723823778,0.04077809686985561,0.07889714923530008
2023-08-05,-2.8660131831480715,-3.1997331831480795,-2.53973318314808,0.05772876668774333,0.04077308147239389,0.07888744548273717
2023-08-06,-2.8671961831480846,-3.19985618314808,-2.55935618314808,0.05765926616106506,0.0407680666917881,0.0773549060661166
2023-08-07,-2.8667591831480754,-3.1999791831480797,-2.5594791831480803,0.057682904321457486,0.04076305252796241,0.07734539199779764
2023-08-08,-2.86690218314809,-3.2001021831480796,-2.54010218314808,0.05767949018745999,0.04075803898084095,0.07885834138539023
2023-08-09,-2.866865183148075,-3.2002251831480795,-2.5402251831480798,0.057683979314750715,0.040753026050347856,0.0788486424058993
2023-08-10,-2.867168183148075,-3.20034818314808,-2.54034818314808,0.057669827463926696,0.040748013736407275,0.07883894461930946
2023-08-11,-2.8675111831480824,-3.2004711831480797,-2.54047118314808,0.05764969741724605,0.04074300203894341,0.07882924802547403
2023-08-12,-2.867654183148073,-3.2005941831480795,-2.54059418314808,0.0576511765050506,0.04073799095788043,0.07881955262424631
2023-08-13,-2.8682571831480876,-3.20071718314808,-2.54071718314808,0.05761221510441657,0.0407329804931425,0.07880985841547956
2023-08-14,-2.867880183148076,-3.2008401831480797,-2.54084018314808,0.05763779860382596,0.040727970644653846,0.0788001653990272
2023-08-15,-2.867623183148089,-3.1814631831480797,-2.54096318314808,0.057652215432644066,0.0415250533429661,0.07879047357474254
2023-08-16,-2.867606183148075,-3.2010861831480795,-2.5410861831480798,0.057657907609682986,0.040717952796121164,0.07878078294247896
2023-08-17,-2.8679291831480778,-3.20120918314808,-2.54120918314808,0.05764950807421341,0.04071294479592555,0.07877109350208981
2023-08-18,-2.867792183148078,-3.2013321831480797,-2.54133218314808,0.05766203693684704,0.0407079374116761,0.07876140525342858
2023-08-19,-2.8676351831480775,-3.2014551831480795,-2.54145518314808,0.05767724018908658,0.04070293064329704,0.07875171819634863
2023-08-20,-2.8678381831480864,-3.20157818314808,-2.54157818314808,0.0576670356259953,0.04069792449071259,0.07874203233070341
2023-08-21,-2.868341183148077,-3.2017011831480797,-2.54170118314808,0.05764011049632412,0.04069291895384707,0.07873234765634643
2023-08-22,-2.868084183148086,-3.2018241831480796,-2.54182418314808,0.057661037400252475,0.040687914032624714,0.07872266417313113
2023-08-23,-2.868127183148073,-3.2019471831480795,-2.5419471831480798,0.05765171917917523,0.040682909726969814,0.07871298188091103
2023-08-24,-2.869010183148083,-3.20257018314808,-2.54207018314808,0.057607264436203454,0.04065776912414085,0.07870330077953959
2023-08-25,-2.8690331831480798,-3.2021931831480797,-2.54219318314808,0.05760977138007946,0.04067290296205952,0.07869362086887043
2023-08-26,-2.8688761831480782,-3.2023161831480795,-2.54231618314808,0.057621835453239775,0.04066790050265275,0.07868394214875706
2023-08-27,-2.8693591831480845,-3.20293918314808,-2.54243918314808,0.05759856335070691,0.040642769174994854,0.07867426461905301
2023-08-28,-2.8693621831480756,-3.2225621831480797,-2.54256218314808,0.057605902483294814,0.039852817119894426,0.07866458827961195
2023-08-29,-2.8690851831480844,-3.2226851831480796,-2.54268518314808,0.05762839042760375,0.03984791552484296,0.07865491313028744
2023-08-30,-2.8692281831480755,-3.2228081831480795,-2.5428081831480798,0.057622194175626175,0.03984301453265061,0.07864523917093313
2023-08-31,-2.869351183148083,-3.22293118314808,-2.54293118314808,0.05762120055053808,0.03983811414324321,0.0786355664014026
2023-09-01,-2.8689941831480814,-3.2230541831480797,-2.54305418314808,0.05764001718414801,0.03983321435654665,0.0786258948215496
2023-09-02,-2.869417183148077,-3.2231771831480795,-2.54317718314808,0.057614961862248786,0.0398283151724868,0.07861622443122775
2023-09-03,-2.86946018314808,-3.22330018314808,-2.54330018314808,0.05761310699508556,0.03982341659098951,0.07860655523029073
2023-09-04,-2.8691631831480726,-3.2234231831480797,-2.54342318314808,0.05763182300609518,0.039818518611980706,0.07859688721859233
2023-09-05,-2.8687461831480863,-3.2235461831480796,-2.54354618314808,0.057660145736001936,0.03981362123538627,0.07858722039598623
2023-09-06,-2.8696691831480727,-3.2236691831480795,-2.5431691831480796,0.057610314080035904,0.039808724461132115,0.0786172390598818
2023-09-07,-2.8697521831480826,-3.22379218314808,-2.54379218314808,0.05761305443771361,0.03980382828914413,0.07856789031746593
2023-09-08,-2.8695551831480794,-3.2239151831480797,-2.54391518314808,0.05762984185620878,0.039798932719348284,0.07855822706125934
2023-09-09,-2.8690981831480777,-3.2240381831480796,-2.54403818314808,0.057656755088354994,0.039794037751670494,0.07854856499356015
2023-09-10,-2.8686611831480824,-3.22416118314808,-2.54416118314808,0.05768474835283827,0.03978914338603669,0.07853890411422218
2023-09-11,-2.8681841831480765,-3.2242841831480797,-2.54428418314808,0.057709405553530845,0.03978424962237284,0.07852924442309933
2023-09-12,-2.867867183148086,-3.2244071831480796,-2.5444071831480795,0.05773171964203037,0.03977935646060492,0.07851958592004545
2023-09-13,-2.8684101831480713,-3.2245301831480795,-2.5445301831480798,0.05771084749508351,0.03977446390065887,0.0785099286049143
2023-09-14,-2.868733183148083,-3.22465318314808,-2.5441531831480804,0.057692354731615075,0.039769571942460676,0.07853991774497265
2023-09-15,-2.868696183148078,-3.2247761831480797,-2.52477618314808,0.05770277909425691,0.039764680585936345,0.08007623319162799
2023-09-16,-2.8684591831480866,-3.2248991831480796,-2.52489918314808,0.05771823773520048,0.039759789831011874,0.08006638442065726
2023-09-17,-2.8678221831480815,-3.22502218314808,-2.52502218314808,0.0577544484536633,0.03975489967761325,0.08005653686101083
2023-09-18,-2.8680051831480755,-3.2251451831480797,-2.52514518314808,0.057751509404448204,0.039750010125666514,0.08004669051253978
2023-09-19,-2.868508183148081,-3.2252681831480796,-2.52526818314808,0.05772772691531245,0.03974512117509769,0.08003684537509512
2023-09-20,-2.868731183148071,-3.2253911831480795,-2.5253911831480798,0.05771822385766787,0.0397402328258328,0.08002700144852788
2023-09-21,-2.8688341831480844,-3.22551418314808,-2.52551418314808,0.0577200724321359,0.03973534507779788,0.08001715873268912
2023-09-22,-2.8689771831480795,-3.2256371831480797,-2.52563718314808,0.057709211224146496,0.039730457930919005,0.08000731722743
2023-09-23,-2.8692601831480844,-3.2257601831480796,-2.52576018314808,0.05769360090210299,0.039725571385122234,0.07999747693260156
2023-09-24,-2.8693231831480785,-3.22588318314808,-2.52588318314808,0.05768587556764025,0.039720685440333615,0.07998763784805493
2023-09-25,-2.8694261831480765,-3.2260061831480797,-2.50600618314808,0.05768903839263885,0.039715800096479265,0.08159345870550071
2023-09-26,-2.869889183148078,-3.2261291831480796,-2.52562918314808,0.057664559507454256,0.03971091535348526,0.0800083498096632
2023-09-27,-2.870332183148075,-3.2262521831480795,-2.5062521831480797,0.057648163228053835,0.039706031211277686,0.08157338918331161
2023-09-28,-2.870755183148089,-3.22637518314808,-2.50637518314808,0.057620505537510955,0.039701147669782645,0.08156335627347865
2023-09-29,-2.8710581831480764,-3.2264981831480797,-2.52649818314808,0.05760456161591624,0.03969626472892629,0.07993846057434008
2023-09-30,-2.8717011831480797,-3.2266211831480796,-2.5266211831480794,0.05757561028827638,0.03969138238863472,0.07992862874835917
2023-10-01,-2.871984183148078,-3.22674418314808,-2.5267441831480797,0.05756049396473165,0.039686500648834055,0.07991879813161842
2023-10-02,-2.872347183148078,-3.2468671831480798,-2.50686718314808,0.057538258763655654,0.03889587079782682,0.08152323697234946
2023-10-03,-2.872530183148085,-3.2469901831480796,-2.50699018314808,0.05752967888325899,0.038891086899934445,0.08151321023085911
2023-10-04,-2.8721531831480753,-3.2471131831480795,-2.5071131831480797,0.05755680935564011,0.038886303590425324,0.08150318472258213
2023-10-05,-2.8725361831480862,-3.24723618314808,-2.5267361831480804,0.05753373911445559,0.03888152086922707,0.07991982957141552
2023-10-06,-2.8735191831480758,-3.2473591831480797,-2.52685918314808,0.057483818375143485,0.03887673873626737,0.07991000003690704
2023-10-07,-2.8739621831480817,-3.2474821831480796,-2.52698218314808,0.057464266681428976,0.03887195719147384,0.0799001717113569
2023-10-08,-2.874345183148077,-3.24760518314808,-2.5271051831480804,0.0574454893669467,0.03886717623477414,0.07989034459461644
2023-10-09,-2.8744681831480845,-3.2477281831480798,-2.50772818314808,0.05744456113625205,0.038862395866095974,0.0814530756740895
2023-10-10,-2.8745111831480825,-3.2478511831480796,-2.50785118314808,0.05744454548809975,0.03885761608536699,0.08144305756190813
2023-10-11,-2.874914183148072,-3.2479741831480795,-2.5079741831480797,0.05743519137320826,0.038852836892514876,0.08143304068187879
2023-10-12,-2.8754371831480845,-3.24809718314808,-2.50809718314808,0.057408885457338445,0.03884805828746732,0.08142302503384986
2023-10-13,-2.875480183148071,-3.2482201831480797,-2.50822018314808,0.05740753688441068,0.038843280270152054,0.08141301061766994
2023-10-14,-2.876063183148083,-3.2683431831480796,-2.50834318314808,0.05737910984075727,0.03806944895747559,0.08140299743318744
2023-10-15,-2.875726183148077,-3.24896618314808,-2.50846618314808,0.05739832716965459,0.03881450201604892,0.08139298548025085
2023-10-16,-2.8760891831480846,-3.24908918314808,-2.50858918314808,0.057384221617629766,0.03880972812590122,0.0813829747587088
2023-10-17,-2.875612183148078,-3.2687121831480797,-2.5282121831480797,0.057415619775028556,0.03805540392227864,0.07980195491586387
2023-10-18,-2.875735183148075,-3.2688351831480795,-2.52833518314808,0.057406885657501294,0.038050723395454504,0.07979213987904633
2023-10-19,-2.8758181831480822,-3.26895818314808,-2.5084581831480803,0.05740713366695042,0.038046043444299744,0.08139403594605359
2023-10-20,-2.875881183148079,-3.24958118314808,-2.50858118314808,0.057406246408761824,0.038790638436112045,0.08138402509531217
2023-10-21,-2.8757441831480857,-3.2692041831480796,-2.5087041831480796,0.0574165413174238,0.03803668526871525,0.0813740154758297
2023-10-22,-2.876347183148076,-3.26932718314808,-2.50882718314808,0.05739071808995728,0.038032007044143896,0.08136400708745467
2023-10-23,-2.876790183148082,-3.26995018314808,-2.5089501831480803,0.057368639593555384,0.03800850460564326,0.08135399993003568
2023-10-24,-2.877273183148077,-3.27007318314808,-2.5090731831480797,0.057344292762816676,0.03800382984708032,0.08134399400342143
2023-10-25,-2.87761618314808,-3.2696961831480795,-2.5096961831480797,0.05732502849358758,0.03801797582246423,0.08129293365259822
2023-10-26,-2.877519183148085,-3.26981918314808,-2.48981918314808,0.05733354536307225,0.03801329989901324,0.08292495944976294
2023-10-27,-2.87754218314808,-3.2699421831480797,-2.48994218314808,0.05733408976555242,0.03800862455066548,0.08291476030701077
2023-10-28,-2.87774518314808,-3.2700651831480796,-2.49006518314808,0.05732649740748063,0.03800394977735021,0.082904562418676
2023-10-29,-2.8780881831480736,-3.27018818314808,-2.49018818314808,0.05731559646171274,0.037999275578996676,0.08289436578460434
2023-10-30,-2.8786111831480867,-3.27031118314808,-2.49031118314808,0.05728909669148315,0.037994601955534196,0.08288417040464156
2023-10-31,-2.8787941831480817,-3.2704341831480797,-2.4899341831480797,0.05728472706074523,0.037989928906892054,0.08291583041298775
2023-11-01,-2.8788171831480778,-3.2710571831480797,-2.4905571831480797,0.057293385747715864,0.037966452471195636,0.08286378340642563
2023-11-02,-2.879280183148085,-3.27118018314808,-2.49068018314808,0.05727355923345874,0.037961782884727124,0.082853591787864
2023-11-03,-2.879123183148077,-3.27130318314808,-2.49080318314808,0.05727862954940183,0.037957113872582444,0.08284340142279441
2023-11-04,-2.8792261831480777,-3.2714261831480798,-2.49092618314808,0.05727580654781966,0.03795244543469093,0.08283321231106262
2023-11-05,-2.879169183148075,-3.27154918314808,-2.49104918314808,0.057283110307495326,0.03794777757098196,0.0828230244525145
2023-11-06,-2.879612183148086,-3.27167218314808,-2.49117218314808,0.057255151656692115,0.037943110281384924,0.08281283784699592
2023-11-07,-2.879835183148082,-3.27179518314808,-2.49129518314808,0.05724839987406883,0.037938443565829205,0.08280265249435279
2023-11-08,-2.8798381831480824,-3.2719181831480797,-2.4914181831480797,0.057247249691327634,0.037933777424244204,0.08279246839443097
2023-11-09,-2.880281183148078,-3.27154118314808,-2.49154118314808,0.057230664609880695,0.03794789732436535,0.08278228554707638
2023-11-10,-2.8801641831480764,-3.2716641831480797,-2.49166418314808,0.05723803338929258,0.037943230020039555,0.08277210395213502
2023-11-11,-2.88008718314808,-3.2717871831480796,-2.49178718314808,0.05724179553171927,0.03793856328975689,0.08276192360945284
2023-11-12,-2.8800701831480744,-3.27241018314808,-2.49191018314808,0.057246463232751184,0.03791511859619955,0.08275174451887575
2023-11-13,-2.8797131831480858,-3.27253318314808,-2.49203318314808,0.0572661785337615,0.03791045532340938,0.08274156668024985
2023-11-14,-2.87957618314808,-3.2721561831480797,-2.49215618314808,0.05728346960485273,0.03792456654246166,0.0827313900934211
2023-11-15,-2.8794991831480803,-3.2722791831480795,-2.4922791831480797,0.057294586743313246,0.037919902107645564,0.08272121475823556
2023-11-16,-2.8797021831480776,-3.27240218314808,-2.49240218314808,0.05728142339559868,0.03791523824651965,0.08271104067453924
2023-11-17,-2.8799451831480813,-3.2725251831480797,-2.4920251831480797,0.05727678925238489,0.03791057495901339,0.08274263455097298
2023-11-18,-2.8801881831480802,-3.2731481831480798,-2.49214818314808,0.05727202065564703,0.03788714756125698,0.0827324578328042
2023-11-19,-2.8803711831480765,-3.29277118314808,-2.49277118314808,0.057265481999963404,0.03715075506917447,0.0826805259308468
2023-11-20,-2.880414183148078,-3.29289418314808,-2.49289418314808,0.05726449363905737,0.03714618580731634,0.08267035685156851
2023-11-21,-2.8802571831480805,-3.2930171831480797,-2.49301718314808,0.05727581423317697,0.03714161710744284,0.08266018902301005
2023-11-22,-2.879640183148085,-3.2931401831480795,-2.4931401831480797,0.05731492585769695,0.03713704896948487,0.0826500224450176
2023-11-23,-2.879963183148084,-3.29326318314808,-2.49326318314808,0.0572927948557459,0.03713248139337331,0.0826398571174373
2023-11-24,-2.8798061831480806,-3.2933861831480797,-2.49338618314808,0.05730674300416736,0.03712791437903907,0.08262969304011543
2023-11-25,-2.8795491831480784,-3.2935091831480796,-2.4935091831480793,0.0573303394745484,0.037123347926413044,0.08261953021289822
2023-11-26,-2.8799721831480753,-3.29363218314808,-2.4936321831480797,0.05730665270211729,0.03711878203542614,0.08260936863563183
2023-11-27,-2.8801551831480796,-3.29425518314808,-2.47375518314808,0.057300478874353473,0.03709584393776031,0.0842678230011366
2023-11-28,-2.8800781831480786,-3.2938781831480797,-2.47387818314808,0.057310128288879436,0.037109651938093444,0.08425745869632528
2023-11-29,-2.8801211831480846,-3.2940011831480795,-2.4740011831480797,0.05731276800628031,0.03710508773160952,0.08424709566624505
2023-11-30,-2.8803441831480803,-3.29412418314808,-2.47412418314808,0.05730375393675707,0.037100524086488444,0.0842367339107391
2023-12-01,-2.8805271831480783,-3.2942471831480797,-2.47424718314808,0.057292485932851064,0.03709596100266122,0.08422637342965075
2023-12-02,-2.880830183148076,-3.2943701831480796,-2.4743701831480798,0.05727247227813049,0.03709139848005879,0.0842160142228232
2023-12-03,-2.8807931831480773,-3.29449318314808,-2.47449318314808,0.05727933093712252,0.03708683651861211,0.08420565629009968
2023-12-04,-2.8811961831480817,-3.29461618314808,-2.47461618314808,0.05726264360131923,0.0370822751182522,0.08419529963132358
2023-12-05,-2.880879183148079,-3.2947391831480797,-2.4747391831480794,0.05728600770057122,0.03707771427891003,0.08418494424633821
2023-12-06,-2.8805821831480842,-3.2953621831480797,-2.47436218314808,0.05730502230037718,0.03705480155966877,0.08421710112290998
2023-12-07,-2.8802851831480796,-3.29498518314808,-2.4744851831480803,0.05731982494817541,0.037068594283002895,0.08420674305650598
2023-12-08,-2.880288183148079,-3.2951081831480797,-2.47510818314808,0.05731658848505062,0.03706403512629998,0.08415388573255947
2023-12-09,-2.8800711831480785,-3.2952311831480796,-2.4752311831480798,0.05732662053244249,0.03705947653033885,0.08414353544117034
2023-12-10,-2.880134183148079,-3.2953541831480795,-2.47485418314808,0.057324020794821434,0.037054918495050534,0.08417567650045027
2023-12-11,-2.879897183148081,-3.27597718314808,-2.4749771831480802,0.05733936008022839,0.03778011628792539,0.08416532352896147
2023-12-12,-2.8802801831480775,-3.2956001831480797,-2.47560018314808,0.05731996628843072,0.03704580410621654,0.08411249220442196
2023-12-13,-2.8800631831480805,-3.2957231831480795,-2.4757231831480793,0.057339161807126594,0.03704124775253297,0.08410214700412373
2023-12-14,-2.8800861831480806,-3.29584618314808,-2.4758461831480796,0.05733423422943025,0.03703669195924643,0.08409180307620681
2023-12-15,-2.8801691831480816,-3.2959691831480797,-2.47596918314808,0.057330044862580164,0.037032136726288016,0.08408146042051477
2023-12-16,-2.8810721831480763,-3.29659218314808,-2.4760921831480798,0.05728320753707115,0.037009252172366204,0.08407111903689118
2023-12-17,-2.8811951831480793,-3.29621518314808,-2.47621518314808,0.05727515031045754,0.03702302794107986,0.08406077892517953
2023-12-18,-2.881358183148079,-3.29633818314808,-2.47633818314808,0.05727665058309766,0.037018474388692324,0.08405044008522344
2023-12-19,-2.8818011831480757,-3.29696118314808,-2.47646118314808,0.05725203117407422,0.03699559827761311,0.08404010251686646
2023-12-20,-2.881664183148081,-3.2965841831480795,-2.4765841831480797,0.057268426077927315,0.03700936896400587,0.08402976621995217
2023-12-21,-2.882067183148083,-3.29720718314808,-2.47670718314808,0.05725046778185724,0.03698649847975783,0.0840194311943242
2023-12-22,-2.8818701831480853,-3.2968301831480797,-2.4768301831480795,0.057266653713146744,0.037000265778978386,0.08400909743982628
2023-12-23,-2.8823731831480788,-3.29745318314808,-2.4769531831480798,0.057237402985365726,0.03697740092017753,0.08399876495630192
2023-12-24,-2.881896183148079,-3.3170761831480795,-2.477076183148079,0.057263246558322,0.036258690693435944,0.08398843374359495
2023-12-25,-2.881699183148078,-3.29769918314808,-2.4771991831480795,0.05727680073056546,0.036968305598321614,0.08397810380154892
2023-12-26,-2.881782183148079,-3.29782218314808,-2.47732218314808,0.057276756783939016,0.03696375877636831,0.08396777513000762
2023-12-27,-2.882725183148083,-3.2974451831480796,-2.4774451831480797,0.05722966788851517,0.03697751761130288,0.08395744772881483
2023-12-28,-2.8821881831480805,-3.29756818314808,-2.47756818314808,0.057267429208150124,0.036972969656341635,0.08394712159781424
2023-12-29,-2.8826311831480838,-3.3176911831480798,-2.47769118314808,0.05724648991245185,0.03623639845422565,0.08393679673684969
2023-12-30,-2.8835941831480785,-3.3178141831480796,-2.4778141831480798,0.05719449571983875,0.036231941651314784,0.08392647314576493
2023-12-31,-2.8840771831480767,-3.31793718314808,-2.47793718314808,0.057175775666350986,0.03622748539655695,0.08391615082440375
2024-01-01,-2.8841801831480787,-3.31806018314808,-2.47806018314808,0.05717090186855912,0.03622302968988475,0.08390582977261006
2024-01-02,-2.88448318314808,-3.3181831831480797,-2.47818318314808,0.05715668148511011,0.03621857453123078,0.08389550999022767
2024-01-03,-2.88454618314808,-3.3183061831480796,-2.4783061831480797,0.05715167910366914,0.036214119920527615,0.08388519147710044
2024-01-04,-2.884589183148076,-3.31842918314808,-2.47842918314808,0.057148230415686715,0.03620966585770786,0.08387487423307226
2024-01-05,-2.8842121831480823,-3.3185521831480798,-2.47855218314808,0.057179465163187886,0.03620521234270415,0.08386455825798707
2024-01-06,-2.8837351831480804,-3.3186751831480796,-2.4786751831480798,0.05720512722747062,0.0362007593754491,0.08385424355168879
2024-01-07,-2.8832981831480846,-3.3187981831480795,-2.4787981831480796,0.05723234453507704,0.03619630695587534,0.08384393011402136
2024-01-08,-2.8836611831480785,-3.31892118314808,-2.45892118314808,0.057217651671888727,0.0361918550839155,0.08552716936660534
2024-01-09,-2.884204183148076,-3.3190441831480797,-2.47904418314808,0.05718641356522063,0.036187403759502246,0.08382330704395491
2024-01-10,-2.884347183148076,-3.3191671831480796,-2.4791671831480797,0.05719099086044176,0.036182952982568226,0.08381299741124393
2024-01-11,-2.883710183148075,-3.29979018314808,-2.47929018314808,0.05723357841268472,0.03689108563292496,0.08380268904653974
2024-01-12,-2.883253183148082,-3.3194131831480798,-2.47941318314808,0.05726281565237668,0.036174053070868524,0.08379238194968648
2024-01-13,-2.8830761831480824,-3.3195361831480796,-2.4795361831480798,0.05727336035580873,0.03616960393596822,0.08378207612052817
2024-01-14,-2.8832991831480843,-3.31965918314808,-2.4991591831480804,0.057261101367991035,0.036165155348277835,0.08215444914800672
2024-01-15,-2.8828821831480784,-3.31978218314808,-2.47978218314808,0.057291088218666616,0.036160707307730106,0.08376146826467269
2024-01-16,-2.8834051831480756,-3.30040518314808,-2.4799051831480794,0.05726554429344176,0.03686840459039618,0.08375116623766383
2024-01-17,-2.883788183148078,-3.3200281831480796,-2.4800281831480797,0.05724183798121835,0.03615181286779338,0.0837408654777263
2024-01-18,-2.8837711831480783,-3.32015118314808,-2.48015118314808,0.05724343186976208,0.036147366468269805,0.08373056598470432
2024-01-19,-2.8839141831480806,-3.30077418314808,-2.48027418314808,0.057243728726025477,0.03685480265881303,0.08372026775844212
2024-01-20,-2.8839171831480788,-3.3003971831480796,-2.47989718314808,0.05724205447121514,0.036868520937557256,0.0837522471383772
2024-01-21,-2.8839001831480835,-3.3010201831480797,-2.4805201831480796,0.057245551992545676,0.03684573749242015,0.0836996751055737
2024-01-22,-2.8840031831480752,-3.30064318314808,-2.4806431831480795,0.057239560095363136,0.03685945239688285,0.08368938067865597
2024-01-23,-2.88402618314808,-3.3007661831480797,-2.48076618314808,0.05724961280587513,0.03685491896304993,0.08367908751787484
2024-01-24,-2.884149183148082,-3.3008891831480796,-2.4803891831480795,0.057249417826494946,0.036850386086795084,0.08371105116782493
2024-01-25,-2.8840521831480803,-3.30101218314808,-2.48051218314808,0.05725923428587506,0.03684585376804971,0.08370075534173753
2024-01-26,-2.8835751831480763,-3.3011351831480797,-2.48063518314808,0.05729616833718332,0.03684132200674528,0.08369046078195888
2024-01-27,-2.884178183148077,-3.3012581831480796,-2.4807581831480796,0.057262541190287744,0.03683679080281321,0.08368016748833329
2024-01-28,-2.8844011831480825,-3.32138118314808,-2.48088118314808,0.05725573203432451,0.03610293253998174,0.08366987546070487
2024-01-29,-2.8844641831480824,-3.32150418314808,-2.48150418314808,0.05725305786325697,0.03609849215236876,0.08361735513333837
2024-01-30,-2.8851071831480817,-3.3216271831480797,-2.48162718314808,0.057216223285568,0.03609405231088987,0.08360707083115453
2024-01-31,-2.8852701831480796,-3.3217501831480796,-2.4817501831480797,0.05721320402824118,0.036089613015477896,0.08359678779386207
2024-02-01,-2.8853131831480776,-3.32187318314808,-2.46187318314808,0.05721098285020612,0.03608517426606567,0.08527506545109023
2024-02-02,-2.885596183148076,-3.3219961831480798,-2.46199618314808,0.05719462937664967,0.03608073606258606,0.08526457726307655
2024-02-03,-2.885599183148077,-3.3221191831480796,-2.4821191831480798,0.057194382575138716,0.0360762984049719,0.08356594626977727
2024-02-04,-2.8860021831480847,-3.3222421831480795,-2.4622421831480796,0.05717446693934942,0.036071861293156066,0.08524360475679389
2024-02-05,-2.88686518314808,-3.32236518314808,-2.46236518314808,0.05713861995543664,0.036067424727071404,0.08523312043820759
2024-02-06,-2.8872881831480792,-3.3224881831480797,-2.46248818314808,0.05711526863416189,0.036062988706650825,0.0852226374091132
2024-02-07,-2.8871511831480783,-3.3226111831480796,-2.4626111831480797,0.057128916169332696,0.0360585532318272,0.0852121556693521
2024-02-08,-2.8873541831480725,-3.32273418314808,-2.46273418314808,0.057118948460675285,0.036054118302533425,0.08520167521876568
2024-02-09,-2.887577183148081,-3.3228571831480798,-2.46285718314808,0.05711138083443941,0.03604968391870241,0.08519119605719543
2024-02-10,-2.887640183148081,-3.3229801831480796,-2.4629801831480798,0.05710560438266128,0.03604525008026707,0.08518071818448278
2024-02-11,-2.8875231831480823,-3.32310318314808,-2.46310318314808,0.05711103049728643,0.0360408167871603,0.08517024160046918
2024-02-12,-2.8879661831480767,-3.32322618314808,-2.4632261831480795,0.057093596189778675,0.03603638403931507,0.08515976630499626
2024-02-13,-2.888609183148079,-3.3233491831480797,-2.44334918314808,0.05706907251053715,0.036031951836664286,0.08686942210465297
2024-02-14,-2.888312183148081,-3.3234721831480796,-2.4629721831480795,0.05708698429529349,0.036027520179140904,0.08518181753513296
2024-02-15,-2.8880151831480765,-3.32359518314808,-2.44359518314808,0.05710294771486295,0.036023089066677866,0.08684805485509466
2024-02-16,-2.8886181831480835,-3.32421818314808,-2.44371818314808,0.05707358386808885,0.03600082806860827,0.08683737320128267
2024-02-17,-2.888601183148076,-3.3238411831480796,-2.4438411831480797,0.057071905520916205,0.036014228476664724,0.08682669286123329
2024-02-18,-2.888544183148081,-3.3239641831480795,-2.4439641831480796,0.05708162251408383,0.03600979899898056,0.08681601383478496
2024-02-19,-2.888967183148077,-3.32408718314808,-2.44408718314808,0.057055146453657744,0.03600537006608863,0.08680533612177607
2024-02-20,-2.889290183148085,-3.3242101831480797,-2.44421018314808,0.057042448797558,0.03600094167792196,0.08679465972204514
2024-02-21,-2.8892531831480834,-3.3243331831480796,-2.4443331831480797,0.05704628881070993,0.03599651383441354,0.08678398463543063
2024-02-22,-2.8887161831480794,-3.32495618314808,-2.44445618314808,0.05707868923273747,0.03597426925889984,0.08677331086177098
2024-02-23,-2.88895918314808,-3.34457918314808,-2.44457918314808,0.05706060255586385,0.035275056372852505,0.0867626384009048
2024-02-24,-2.889142183148075,-3.3447021831480797,-2.46420218314808,0.05705470627581915,0.03527071780774587,0.08507710830894002
2024-02-25,-2.8891251831480798,-3.3448251831480795,-2.4448251831480796,0.057059995612092754,0.035266379776249926,0.08674129741690685
2024-02-26,-2.8898681831480766,-3.32544818314808,-2.44494818314808,0.057019405620538595,0.03595657427174825,0.08673062889345219
2024-02-27,-2.8903711831480887,-3.3250711831480797,-2.44507118314808,0.05699445057419018,0.03596995820743538,0.08671996168214524
2024-02-28,-2.8903341831480813,-3.3256941831480797,-2.4451941831480797,0.05699897422903664,0.03594773004236222,0.0867092957828246
2024-02-29,-2.890417183148073,-3.32581718314808,-2.44531718314808,0.05699270233134155,0.03594330874348245,0.08669863119532886
2024-03-01,-2.8910601831480833,-3.3254401831480798,-2.44544018314808,0.05696563335545455,0.03595668774140839,0.08668796791949676
2024-03-02,-2.8910031831480727,-3.32606318314808,-2.4455631831480797,0.05696677096801659,0.035934467777015026,0.08667730595516693
2024-03-03,-2.8911861831480836,-3.3256861831480795,-2.4456861831480796,0.056958138908527675,0.03594784348411226,0.08666664530217805
2024-03-04,-2.8917291831480756,-3.32580918314808,-2.44580918314808,0.056929292197684424,0.035943422171280014,0.08665598596036882
2024-03-05,-2.8913521831480846,-3.3259321831480797,-2.4654321831480797,0.05695054672082163,0.03593900140223582,0.08497252779592056
2024-03-06,-2.891275183148079,-3.3260551831480796,-2.46555518314808,0.05695671097617033,0.03593458117691278,0.08496207681774996
2024-03-07,-2.891198183148077,-3.32617818314808,-2.44617818314808,0.05696492147007281,0.03593016149524401,0.0866240158004067
2024-03-08,-2.891121183148081,-3.3263011831480798,-2.44630118314808,0.05696565763309759,0.03592574235716266,0.08661336170170376
2024-03-09,-2.891064183148079,-3.3464241831480797,-2.4464241831480797,0.05697508684595127,0.035210033895524774,0.08660270891337438
2024-03-10,-2.890627183148083,-3.3270471831480797,-2.4465471831480796,0.0570074470239895,0.03589912565189969,0.08659205743525737
2024-03-11,-2.8906301831480734,-3.32667018314808,-2.44667018314808,0.05701343221842926,0.03591248820377455,0.08658140726719157
2024-03-12,-2.890493183148084,-3.3267931831480797,-2.44679318314808,0.057028179218297656,0.035908071239374374,0.08657075840901593
2024-03-13,-2.8905361831480785,-3.3269161831480796,-2.4469161831480797,0.05702665964040031,0.0359036548182274,0.08656011086056928
2024-03-14,-2.8903791831480783,-3.32753918314808,-2.44703918314808,0.05704089156859885,0.03588146762630944,0.08654946462169051
2024-03-15,-2.8894821831480835,-3.34716218314808,-2.4471621831480794,0.05709855624129325,0.035184058476618395,0.08653881969221869
2024-03-16,-2.8896451831480787,-3.3472851831480797,-2.4472851831480797,0.057098602554340044,0.035179731103564676,0.08652817607199258
2024-03-17,-2.888908183148081,-3.3279081831480797,-2.447408183148079,0.0571409043721658,0.035868229807283165,0.08651753376085132
2024-03-18,-2.8888511831480743,-3.34753118314808,-2.42753118314808,0.05714925453360436,0.035171077954094215,0.08825444791390899
2024-03-19,-2.8887541831480816,-3.3476541831480797,-2.42765418314808,0.057171181462601146,0.03516675217754658,0.08824359328438898
2024-03-20,-2.888377183148082,-3.3477771831480796,-2.4277771831480797,0.05719187227901446,0.035162426933036735,0.08823273998990631
2024-03-21,-2.8894401831480803,-3.34790018314808,-2.42790018314808,0.057138578408392496,0.035158102220499234,0.08822188803029672
2024-03-22,-2.889423183148084,-3.34802318314808,-2.42802318314808,0.057132546104124694,0.035153778039868674,0.08821103740539611
2024-03-23,-2.8889061831480736,-3.3481461831480797,-2.4281461831480797,0.05716613485935641,0.035149454391079624,0.0882001881150403
2024-03-24,-2.8889691831480797,-3.3487691831480797,-2.4282691831480796,0.05716384870829797,0.035127733268415805,0.08818934015906513
2024-03-25,-2.888792183148077,-3.34839218314808,-2.42839218314808,0.05718677966416429,0.0351408086887644,0.08817849353730645
2024-03-26,-2.8890151831480844,-3.3485151831480797,-2.42851518314808,0.05717678459889242,0.03513648663510743,0.08816764824960024
2024-03-27,-2.889338183148081,-3.3486381831480796,-2.4286381831480797,0.05715771112509618,0.03513216511303038,0.08815680429578238
2024-03-28,-2.8891811831480787,-3.34876118314808,-2.42876118314808,0.05717229657991842,0.03512784412246783,0.08814596167568878
2024-03-29,-2.8892241831480807,-3.34938418314808,-2.42888418314808,0.05716989305865033,0.03510613635418755,0.08813512038915547
2024-03-30,-2.8888271831480714,-3.3490071831480797,-2.4285071831480796,0.057203170337391925,0.03511920373562487,0.08816878614986093
2024-03-31,-2.8882901831480816,-3.3691301831480795,-2.4091301831480796,0.05724465081731283,0.034419563042617445,0.08989345141516865
2024-04-01,-2.888593183148077,-3.36925318314808,-2.42875318314808,0.05723045271517315,0.0344153296967193,0.08814709929606039
2024-04-02,-2.8885561831480837,-3.3693761831480797,-2.4293761831480793,0.057237963060644034,0.034411096871490694,0.08809176857534474
2024-04-03,-2.888559183148083,-3.3694991831480796,-2.4294991831480797,0.057246142939760644,0.034406864566867576,0.08808093395415281
2024-04-04,-2.8888021831480817,-3.36962218314808,-2.42962218314808,0.057234510782740826,0.034402632782785894,0.08807010066553733
2024-04-05,-2.8887251831480776,-3.36974518314808,-2.4292451831480797,0.05723623232534203,0.034398401519181665,0.08810374159007706
2024-04-06,-2.888868183148077,-3.3698681831480797,-2.42936818314808,0.05722405751023295,0.03439417077599085,0.08809290549629488
2024-04-07,-2.8886511831480806,-3.3504911831480797,-2.4099911831480796,0.057244635058406414,0.03506729536369819,0.08981608646389107
2024-04-08,-2.8888941831480768,-3.35061418314808,-2.43011418314808,0.05723082629103841,0.03506298235162412,0.0880267808335624
2024-04-09,-2.889157183148077,-3.3702371831480797,-2.43023718314808,0.0572206672379109,0.03438148166825886,0.08801595420537117
2024-04-10,-2.8883801831480787,-3.3703601831480796,-2.4303601831480792,0.05727053547694075,0.03437725300608173,0.08800512890877335
2024-04-11,-2.8884631831480845,-3.35098318314808,-2.4304831831480795,0.05726793847629284,0.03505004649794815,0.08799430494360504
2024-04-12,-2.888286183148084,-3.37060618314808,-2.41060618314808,0.05727492758752464,0.03436879724194385,0.08976086655257894
2024-04-13,-2.88822918314808,-3.3707291831480797,-2.4302291831480796,0.057293991574851995,0.03436457013985521,0.08801709014785374
2024-04-14,-2.8877321831480787,-3.3708521831480796,-2.4308521831480796,0.05732980167709542,0.03436034355766814,0.08796184103504034
2024-04-15,-2.887755183148075,-3.37097518314808,-2.43097518314808,0.05733566287101106,0.0343561174953187,0.08795102239395307
2024-04-16,-2.888118183148082,-3.3710981831480797,-2.4110981831480798,0.05731502986607486,0.03435189195274298,0.08971671506839081
2024-04-17,-2.8888611831480797,-3.3712211831480796,-2.4112211831480796,0.05727037283783717,0.03434766692987703,0.08970568059107167
2024-04-18,-2.8894041831480832,-3.35184418314808,-2.41134418314808,0.057236979324435215,0.03501988139585337,0.08969464747090974
2024-04-19,-2.88906718314808,-3.37146718314808,-2.41146718314808,0.05726217271431058,0.03433921844301876,0.08968361570773818
2024-04-20,-2.8894901831480766,-3.3715901831480797,-2.43109018314808,0.057245406929093315,0.03433499497889864,0.08794134004833384
2024-04-21,-2.889133183148077,-3.3717131831480796,-2.431713183148079,0.057270971188624516,0.03433077203423266,0.08788613848453386
2024-04-22,-2.889336183148076,-3.37183618314808,-2.43183618314808,0.057266213100177474,0.03432654960895692,0.08787532915428763
2024-04-23,-2.8898591831480864,-3.3719591831480797,-2.43145918314808,0.0572431237474611,0.03432232770300756,0.08790889568021004
2024-04-24,-2.8905021831480804,-3.3720821831480796,-2.4315821831480795,0.057213707364909605,0.0343181063163207,0.08789808355100101
2024-04-25,-2.8904451831480813,-3.37220518314808,-2.41220518314808,0.057227295291140394,0.03431388544883245,0.08961745361616055
2024-04-26,-2.8905481831480744,-3.37232818314808,-2.41232818314808,0.0572315376536884,0.034309665100478996,0.0896064313472492
2024-04-27,-2.8907711831480762,-3.3724511831480797,-2.4124511831480797,0.05722772192443924,0.034305445271196465,0.08959541043399356
2024-04-28,-2.89041418314808,-3.3725741831480796,-2.4125741831480796,0.05725131488947234,0.03430122596092101,0.0895843908762269
2024-04-29,-2.890377183148079,-3.35269718314808,-2.41269718314808,0.057258564864477335,0.03498985267332174,0.08957337267378243
2024-04-30,-2.890720183148084,-3.3528201831480797,-2.4128201831480798,0.057239137829494344,0.03498554918611281,0.08956235582649356
2024-05-01,-2.891443183148075,-3.3534431831480798,-2.4129431831480797,0.05720468564600527,0.03496392935108273,0.08955134033419358
2024-05-02,-2.8918861831480784,-3.35306618314808,-2.41306618314808,0.05718467842346231,0.03497694379951897,0.08954032619671579
2024-05-03,-2.891749183148078,-3.35368918314808,-2.41318918314808,0.057184288204159564,0.03495532928231418,0.08952931341389363
2024-05-04,-2.89183218314808,-3.3733121831480797,-2.4128121831480795,0.057195105028494925,0.03427592099484285,0.08956351172698616
2024-05-05,-2.892255183148078,-3.3734351831480796,-2.3934351831480796,0.05717322076337664,0.034271705315830056,0.09131545915032899
2024-05-06,-2.892198183148081,-3.37355818314808,-2.41305818314808,0.05718372601870764,0.034267490155313884,0.0895414818128918
2024-05-07,-2.8920611831480825,-3.3736811831480797,-2.41318118314808,0.05719043621984435,0.034263275513230586,0.08953046888793759
2024-05-08,-2.8920241831480755,-3.3738041831480796,-2.41330418314808,0.05719850783543959,0.034259061389516385,0.08951945731748984
2024-05-09,-2.8922271831480812,-3.37392718314808,-2.4134271831480802,0.05718297266544626,0.03425484778410751,0.08950844710138194
2024-05-10,-2.892250183148081,-3.37405018314808,-2.4135501831480797,0.057183221472762676,0.034250634696940244,0.0894974382394474
2024-05-11,-2.8923531831480833,-3.37467318314808,-2.3941731831480797,0.057180141407432224,0.034229469013135075,0.0912480932025683
2024-05-12,-2.892496183148076,-3.3742961831480796,-2.3942961831480796,0.05716492523635572,0.034242210077075536,0.09123687037732228
2024-05-13,-2.8925591831480824,-3.37441918314808,-2.39441918314808,0.057161344622054036,0.03423799854425062,0.09122564893239886
2024-05-14,-2.8927021831480766,-3.3745421831480797,-2.3745421831480797,0.057163812570548936,0.034233787529412404,0.09305708256052961
2024-05-15,-2.893345183148079,-3.3746651831480796,-2.3946651831480796,0.05712866141799519,0.034229577032497155,0.09120321018284086
2024-05-16,-2.892868183148081,-3.37478818314808,-2.41428818314808,0.05715865980375815,0.03422536705344117,0.08943141349615362
2024-05-17,-2.8928311831480786,-3.37491118314808,-2.41491118314808,0.057155369089659167,0.03422115759218078,0.08937527659995528
2024-05-18,-2.8928741831480833,-3.3750341831480797,-2.4150341831480797,0.05715786851412,0.034216948648652275,0.08936428411698506
2024-05-19,-2.8929171831480747,-3.3751571831480796,-2.41465718314808,0.05716356326201156,0.03421274022279199,0.08939841939236007
2024-05-20,-2.892560183148081,-3.37528018314808,-2.41478018314808,0.05719066942184301,0.03420853231453624,0.0893874240630014
2024-05-21,-2.8916831831480847,-3.3754031831480797,-2.41490318314808,0.05724081498042861,0.03420432492382139,0.0893764300859851
2024-05-22,-2.891446183148077,-3.3755261831480796,-2.3955261831480796,0.05726662323612882,0.034200118050583775,0.09112471801460086
2024-05-23,-2.891729183148078,-3.37564918314808,-2.4151491831480802,0.05725363696403238,0.034195911694759724,0.08935444618831422
2024-05-24,-2.8924921831480783,-3.37627218314808,-2.41527218314808,0.05721368815072971,0.034174779827839154,0.08934345626732706
2024-05-25,-2.8924951831480823,-3.3958951831480797,-2.41539518314808,0.05721478142467582,0.03351054266817693,0.08933246769801705
2024-05-26,-2.893398183148078,-3.3765181831480797,-2.4160181831480796,0.05716684309590792,0.03416637386597721,0.08927639291097908
2024-05-27,-2.8938211831480833,-3.39614118314808,-2.41564118314808,0.05714303276791975,0.03350230008855941,0.0893104946137635
2024-05-28,-2.8940441831480834,-3.3962641831480798,-2.41576418314808,0.057133619785049494,0.03349817955906628,0.08929951009848756
2024-05-29,-2.8938071831480765,-3.3763871831480796,-2.39588718314808,0.05715828210890598,0.034170684421937665,0.09109227482731032
2024-05-30,-2.8941101831480753,-3.37651018314808,-2.3960101831480802,0.05713965843661501,0.0341664816862273,0.09108107116654579
2024-05-31,-2.893933183148077,-3.37713318314808,-2.39663318314808,0.05716050732908476,0.03414536800601364,0.09102389876550879
2024-06-01,-2.8943961831480824,-3.37725618314808,-2.3967561831480797,0.05714186583106803,0.03414116838403095,0.09101270351448269
2024-06-02,-2.894339183148079,-3.3773791831480797,-2.41637918314808,0.05714820428626131,0.034136969278570004,0.08924460778396917
2024-06-03,-2.894182183148085,-3.39700218314808,-2.41700218314808,0.057152686101933255,0.03347346702259927,0.08918858814738312
2024-06-04,-2.89478518314808,-3.3971251831480798,-2.3971251831480798,0.05712545951703857,0.03346935003935515,0.09097912602231414
2024-06-05,-2.895008183148074,-3.3972481831480796,-2.41674818314808,0.05711172080683563,0.03346523356246883,0.08921168259876715
2024-06-06,-2.8938711831480814,-3.39737118314808,-2.39737118314808,0.057182497912892226,0.033461117591878024,0.09095674790993331
2024-06-07,-2.893994183148085,-3.39749418314808,-2.39749418314808,0.0571803631825584,0.03345700212752047,0.09094556091795451
2024-06-08,-2.8945171831480803,-3.3976171831480797,-2.3976171831480797,0.05716112702521862,0.03345288716933391,0.09093437530189111
2024-06-09,-2.8943601831480765,-3.3977401831480796,-2.3977401831480796,0.05717290097614539,0.033448772717256076,0.09092319106157387
2024-06-10,-2.8940831831480787,-3.39786318314808,-2.39786318314808,0.05718968570552186,0.03344465877122471,0.09091200819683354
2024-06-11,-2.893526183148078,-3.37848618314808,-2.3979861831480798,0.05723328541626258,0.03409920056241998,0.09090082670750103
2024-06-12,-2.8938291831480805,-3.3981091831480796,-2.3981091831480796,0.05722190322132351,0.033436432397052504,0.09088964659340713
2024-06-13,-2.8936721831480847,-3.39823218314808,-2.39823218314808,0.05723557377322874,0.03343231996878718,0.09087846785438267
2024-06-14,-2.8938351831480773,-3.39835518314808,-2.39835518314808,0.05722941601070689,0.033428208046319435,0.09086729049025857
2024-06-15,-2.8936781831480793,-3.4184781831480797,-2.39797818314808,0.05723753744370763,0.03276225517279802,0.09090199988242921
2024-06-16,-2.894041183148077,-3.4186011831480796,-2.3986011831480796,0.0572254349444031,0.032758225663231694,0.09084493988603502
2024-06-17,-2.8938441831480795,-3.41872418314808,-2.39872418314808,0.05723829377701323,0.032754196649264544,0.09083376664559739
2024-06-18,-2.894647183148081,-3.41884718314808,-2.3788471831480797,0.057196577214199164,0.03275016813083565,0.09265733289863444
2024-06-19,-2.8942901831480823,-3.4189701831480797,-2.3789701831480796,0.05721148484304386,0.03274614010788405,0.09264593674756558
2024-06-20,-2.8946931831480818,-3.39959318314808,-2.37909318314808,0.05719368721058742,0.033387011266042994,0.09263454199813705
2024-06-21,-2.895436183148073,-3.39971618314808,-2.37921618314808,0.057156236352471496,0.033382904916202966,0.09262314865017655
2024-06-22,-2.895239183148081,-3.3993391831480797,-2.3793391831480797,0.05716999762355149,0.03339533086782648,0.09261175670351168
2024-06-23,-2.8956221831480784,-3.3994621831480796,-2.3794621831480796,0.0571545335954415,0.03339122349473836,0.09260036615797007
2024-06-24,-2.8961851831480825,-3.39958518314808,-2.37958518314808,0.05711174309007593,0.03338711662682605,0.09258897701337936
2024-06-25,-2.896188183148076,-3.3997081831480798,-2.3797081831480797,0.05710805295718878,0.03338301026402744,0.09257758926956733
2024-06-26,-2.896351183148078,-3.3998311831480796,-2.3798311831480796,0.057106855274016224,0.033378904406280406,0.09256620292636164
2024-06-27,-2.89669418314808,-3.39995418314808,-2.37945418314808,0.05709383710134477,0.03337479905352279,0.09260156126732
2024-06-28,-2.896817183148078,-3.40007718314808,-2.38007718314808,0.057093341759804885,0.033370694205692525,0.09254343444108025
2024-06-29,-2.8965401831480824,-3.4002001831480797,-2.3797001831480795,0.05710480005309479,0.033366589862727496,0.0925787840849566
2024-06-30,-2.8965231831480795,-3.4003231831480796,-2.3998231831480794,0.05710863045658958,0.03336248602456561,0.09073444031387959
2024-07-01,-2.8967061831480847,-3.40044618314808,-2.38044618314808,0.057103753411562874,0.03335838269114476,0.0925092922133999
2024-07-02,-2.8971491831480765,-3.40106918314808,-2.3805691831480793,0.0570954416813279,0.033337768387598554,0.09249791427021556
2024-07-03,-2.897052183148079,-3.4206921831480797,-2.3806921831480796,0.057105756110012645,0.03268979977756477,0.09248653772643207
2024-07-04,-2.896935183148077,-3.42081518314808,-2.38081518314808,0.05711308107115719,0.03268577917946397,0.09247516258187742
2024-07-05,-2.897038183148079,-3.42093818314808,-2.38093818314808,0.057113896313788284,0.03268175907586634,0.09246378883637955
2024-07-06,-2.8969011831480804,-3.4210611831480797,-2.3810611831480797,0.057120875869880974,0.03267773946671104,0.09245241648976635
2024-07-07,-2.8967041831480773,-3.4211841831480796,-2.4011841831480796,0.05714068293754557,0.03267372035193727,0.09061059019922615
2024-07-08,-2.896727183148081,-3.42130718314808,-2.40080718314808,0.05713303292970235,0.032669701731484195,0.09064520153728925
2024-07-09,-2.8963901831480774,-3.42143018314808,-2.4009301831480796,0.05716342540517899,0.032665683605291054,0.09063405286315772
2024-07-10,-2.896193183148084,-3.4215531831480797,-2.4015531831480796,0.057176743582732496,0.03266166597329704,0.09057716105949823
2024-07-11,-2.896356183148079,-3.42167618314808,-2.40167618314808,0.0571761738801906,0.03265764883544135,0.09056602075383072
2024-07-12,-2.896459183148082,-3.42179918314808,-2.4012991831480797,0.057170716485444945,0.03265363219166326,0.09060061506730395
2024-07-13,-2.8965221831480745,-3.4219221831480797,-2.3819221831480797,0.057167225668347366,0.03264961604190196,0.09237284921779465
2024-07-14,-2.8969651831480774,-3.4220451831480796,-2.3820451831480796,0.05714153143905061,0.03264560038609671,0.09236148805606664
2024-07-15,-2.897028183148079,-3.42216818314808,-2.38216818314808,0.05714390597187049,0.032641585224186725,0.09235012829167555
2024-07-16,-2.8970511831480814,-3.42229118314808,-2.3822911831480797,0.05713882226800999,0.0326375705561113,0.09233876992444959
2024-07-17,-2.8969541831480834,-3.42291418314808,-2.3824141831480796,0.05714992013264616,0.03261740168903272,0.09232741295421688
2024-07-18,-2.8968771831480797,-3.42303718314808,-2.38253718314808,0.05716208427576969,0.03261338999534918,0.09231605738080556
2024-07-19,-2.896780183148081,-3.42266018314808,-2.38266018314808,0.057177816628164194,0.03262552951428494,0.09230470320404392
2024-07-20,-2.8973631831480753,-3.4227831831480797,-2.4022831831480795,0.057142999407021465,0.03262151682094039,0.09051150790998902
2024-07-21,-2.897486183148077,-3.4234061831480798,-2.3829061831480796,0.05713967943519435,0.032601357874503724,0.09228199903978246
2024-07-22,-2.89782918314808,-3.42352918314808,-2.40302918314808,0.057119911302385216,0.03259734815408801,0.09044356778586392
2024-07-23,-2.8979121831480827,-3.44315218314808,-2.4031521831480798,0.057118426010747014,0.03196377070137378,0.09043244391115858
2024-07-24,-2.898235183148078,-3.4432751831480797,-2.4032751831480796,0.057099418347387076,0.031959839399357544,0.0904213214046057
2024-07-25,-2.8980581831480734,-3.44339818314808,-2.40339818314808,0.05711304591900271,0.03195590858086171,0.09041020026603695
2024-07-26,-2.898501183148078,-3.42402118314808,-2.4035211831480794,0.057088795777048694,0.0325813142034715,0.0903990804952842
2024-07-27,-2.8984441831480807,-3.4436441831480797,-2.4036441831480797,0.05709486265645422,0.03194804839419342,0.09038796209217906
2024-07-28,-2.8985071831480846,-3.4242671831480798,-2.3837671831480796,0.05709254832062419,0.03257330018594202,0.0922025784340863
2024-07-29,-2.8987501831480764,-3.42439018314808,-2.38389018314808,0.05708365308280733,0.03256929391640977,0.09219123821437669
2024-07-30,-2.899233183148081,-3.42451318314808,-2.3840131831480798,0.057066939714561185,0.03256528813961838,0.09217989938942836
2024-07-31,-2.8996561831480787,-3.42463618314808,-2.3841361831480796,0.05704876737875766,0.03256128285550723,0.09216856195906974
2024-08-01,-2.899959183148071,-3.42475918314808,-2.38425918314808,0.05703312600900812,0.03255727806401572,0.09215722592312924
2024-08-02,-2.8999221831480813,-3.44438218314808,-2.38438218314808,0.057036914779176766,0.031924479432495094,0.09214589128143547
2024-08-03,-2.9000251831480823,-3.4445051831480797,-2.3845051831480797,0.05703087716669564,0.03192055296300773,0.09213455803381687
2024-08-04,-2.9006281831480814,-3.44512818314808,-2.3846281831480796,0.05700216145429457,0.031900827187503734,0.09212322618010202
2024-08-05,-2.9009711831480756,-3.44525118314808,-2.38475118314808,0.056993937170914326,0.031896903627063565,0.09211189572011941
2024-08-06,-2.9013941831480827,-3.44537418314808,-2.3848741831480798,0.05696623372213708,0.03189298054919168,0.09210056665369772
2024-08-07,-2.902197183148081,-3.4649971831480797,-2.3849971831480796,0.056921642304158866,0.03127309351788152,0.0920892389806655
2024-08-08,-2.9023001831480775,-3.46512018314808,-2.38512018314808,0.056911412931320605,0.03126924716393442,0.09207791270085133
2024-08-09,-2.902563183148082,-3.46524318314808,-2.38524318314808,0.05689905100097349,0.03126540128305979,0.09206658781408394
2024-08-10,-2.902606183148079,-3.44586618314808,-2.3848661831480795,0.05690303411898733,0.031877293062199726,0.0921017553125866
2024-08-11,-2.903289183148078,-3.44598918314808,-2.3854891831480796,0.05686960591734026,0.03187337239627898,0.09204394221900411
2024-08-12,-2.9030721831480766,-3.44611218314808,-2.38561218314808,0.05688567189890967,0.03186945221257047,0.092032621510349
2024-08-13,-2.9033551831480833,-3.44623518314808,-2.3857351831480798,0.056875008534061564,0.031865532511014906,0.09202130219405545
2024-08-14,-2.9034781831480787,-3.44635818314808,-2.3858581831480796,0.056864618144279386,0.031861613291552994,0.0920099842699522
2024-08-15,-2.90342118314808,-3.44598118314808,-2.38598118314808,0.05686683801505951,0.031873472980408754,0.09199866773786795
2024-08-16,-2.9041041831480796,-3.44610418314808,-2.38610418314808,0.05683267894654333,0.031869552784329166,0.0919873525976316
2024-08-17,-2.9034871831480764,-3.4462271831480797,-2.3862271831480797,0.05686902000660545,0.03186563307040405,0.0919760388490719
2024-08-18,-2.9029901831480793,-3.4463501831480796,-2.3863501831480796,0.056901520456703936,0.03186171383857409,0.0919647264920177
2024-08-19,-2.9031331831480807,-3.44647318314808,-2.38647318314808,0.056892943944044885,0.03185779508877999,0.09195341552629781
2024-08-20,-2.9030361831480813,-3.44659618314808,-2.3865961831480798,0.05689425605740061,0.03185387682096248,0.09194210595174118
2024-08-21,-2.9031991831480792,-3.4467191831480797,-2.3867191831480796,0.0568862898304022,0.031849959035062284,0.09193079776817667
2024-08-22,-2.903242183148081,-3.44684218314808,-2.38684218314808,0.05688755487614113,0.0318460417310201,0.09191949097543316
2024-08-23,-2.903185183148079,-3.44696518314808,-2.38696518314808,0.05690170532117519,0.03184212490877669,0.09190818557333968
2024-08-24,-2.9036681831480755,-3.4470881831480797,-2.3870881831480797,0.056884778086411826,0.0318382085682728,0.09189688156172514
2024-08-25,-2.9043111831480832,-3.4472111831480796,-2.3872111831480796,0.056855036810005935,0.03183429270944915,0.09188557894041852
2024-08-26,-2.904254183148085,-3.44733418314808,-2.38733418314808,0.05685193036033443,0.031830377332246515,0.09187427770924878
2024-08-27,-2.904217183148077,-3.44745718314808,-2.3874571831480798,0.05686127046044681,0.031826462436605675,0.09186297786804504
2024-08-28,-2.9047401831480752,-3.4475801831480797,-2.4070801831480795,0.05683485091779344,0.03182254802246738,0.09007836393297058
2024-08-29,-2.90490318314808,-3.44770318314808,-2.40720318314808,0.05682869632225502,0.0318186340897724,0.09006728497557664
2024-08-30,-2.9050261831480815,-3.44782618314808,-2.38782618314808,0.056822199843959274,0.03181472063846155,0.09182908668252
2024-08-31,-2.904689183148078,-3.4479491831480797,-2.4079491831480793,0.05684692663275472,0.03181080766847561,0.0899996782959163
2024-09-01,-2.905172183148087,-3.4480721831480796,-2.4080721831480796,0.056823991064571935,0.031806895179755386,0.08998860901626053
2024-09-02,-2.905575183148077,-3.44819518314808,-2.40769518314808,0.0568073715020036,0.03180298317224166,0.0900229827706047
2024-09-03,-2.905738183148078,-3.44831818314808,-2.4078181831480796,0.05679762899253857,0.03179907164587528,0.09001191062467492
2024-09-04,-2.9060611831480747,-3.4484411831480797,-2.4084411831480796,0.056768985474807535,0.031795160600597054,0.08995540934524954
2024-09-05,-2.906484183148083,-3.44856418314808,-2.40856418314808,0.056750361705995504,0.03179125003634781,0.08994434551033985
2024-09-06,-2.9068671831480777,-3.44868718314808,-2.40868718314808,0.056735485400403365,0.031787339953068386,0.08993328303619819
2024-09-07,-2.9072901831480773,-3.4488101831480797,-2.4088101831480797,0.05671190829707407,0.03178343035069964,0.08992222192265718
2024-09-08,-2.9074531831480814,-3.4489331831480796,-2.40843318314808,0.05670866349708202,0.03177952122918241,0.08995657031852912
2024-09-09,-2.907036183148076,-3.44905618314808,-2.4085561831480797,0.05674344780401829,0.03177561258845754,0.08994550634082853
2024-09-10,-2.9079191831480826,-3.44967918314808,-2.4091791831480798,0.056695947372533445,0.0317559763809912,0.08988904674396461
2024-09-11,-2.908342183148081,-3.44980218314808,-2.409302183148079,0.056668891633412634,0.03175207063610458,0.08987799107115298
2024-09-12,-2.9086851831480827,-3.44992518314808,-2.4094251831480795,0.05664913115625545,0.031748165371595014,0.08986693675810538
2024-09-13,-2.9081481831480778,-3.44954818314808,-2.40954818314808,0.056668906650967084,0.03175998283229932,0.08985588380465467
2024-09-14,-2.9077311831480763,-3.4496711831480797,-2.4091711831480795,0.05669387980648287,0.03175607659464949,0.08989020686076202
2024-09-15,-2.9083541831480826,-3.4497941831480796,-2.4097941831480796,0.05666339579596582,0.031752170837437345,0.08983378197587516
2024-09-16,-2.9084371831480795,-3.44991718314808,-2.40941718314808,0.05665326686265051,0.03174826556060378,0.08986809658954907
2024-09-17,-2.9089601831480807,-3.45004018314808,-2.3900401831480798,0.05662812442798201,0.03174436076408974,0.09162600198232466
2024-09-18,-2.9095831831480803,-3.4701631831480797,-2.40966318314808,0.056592249366857694,0.031111953300319822,0.08984599175679397
2024-09-19,-2.9101061831480792,-3.45078618314808,-2.41028618314808,0.05656371672234182,0.031720841965624295,0.08978959462612238
2024-09-20,-2.910029183148079,-3.45040918314808,-2.4099091831480797,0.05656197602607238,0.03173264925587394,0.08982389236115894
2024-09-21,-2.909852183148079,-3.45103218314808,-2.41003218314808,0.05657517464312535,0.0317130395982313,0.08981284470184348
2024-09-22,-2.909335183148085,-3.4506551831480796,-2.3906551831480796,0.05661104670535436,0.03172484398424478,0.09156966931517624
2024-09-23,-2.909298183148079,-3.45077818314808,-2.39077818314808,0.056616092634829834,0.03172094206840745,0.0915584069385008
2024-09-24,-2.909141183148077,-3.45090118314808,-2.39040118314808,0.05662697853004086,0.03171704063247627,0.09159338032260639
2024-09-25,-2.909024183148081,-3.4510241831480797,-2.39052418314808,0.05664228709691929,0.031713139676392194,0.09158211502965644
2024-09-26,-2.9094871831480806,-3.45114718314808,-2.39114718314808,0.056613011377430446,0.0317092392000962,0.09152462811891598
2024-09-27,-2.909430183148082,-3.43177018314808,-2.41077018314808,0.056620718896978846,0.032329817282995575,0.08974658727445142
2024-09-28,-2.909113183148076,-3.43189318314808,-2.4108931831480795,0.05664657726371817,0.03232584096001864,0.08973554912307694
2024-09-29,-2.909536183148083,-3.4515161831480796,-2.3915161831480796,0.05662405481004614,0.031697540649346725,0.09149086176141624
2024-09-30,-2.909459183148078,-3.45163918314808,-2.41113918314808,0.056638203128282855,0.031693642091613065,0.08971347689298823
2024-10-01,-2.909502183148079,-3.45176218314808,-2.3917621831480798,0.05664939453621713,0.031689744013372524,0.09146835777752642
2024-10-02,-2.9096051831480825,-3.4518851831480797,-2.3918851831480796,0.05663804519680035,0.03168584641456613,0.09145710786140382
2024-10-03,-2.9095881831480805,-3.45250818314808,-2.39200818314808,0.05664580386878152,0.03166626567942809,0.09144585932893577
2024-10-04,-2.9097311831480783,-3.45263118314808,-2.39213118314808,0.05664781202987121,0.03166237096827917,0.09143461217995216
2024-10-05,-2.910234183148078,-3.4722541831480798,-2.3922541831480797,0.056620510970864894,0.031046966173688243,0.09142336641428281
2024-10-06,-2.910217183148077,-3.4723771831480796,-2.39187718314808,0.056628409245292104,0.03104314763169403,0.09145828821575079
2024-10-07,-2.910820183148075,-3.47250018314808,-2.39250018314808,0.05660026671811762,0.031039329559351583,0.09140087903220627
2024-10-08,-2.9106631831480843,-3.47262318314808,-2.3726231831480797,0.056616155706890346,0.03103551195660317,0.09323583055581054
2024-10-09,-2.9110661831480833,-3.45324618314808,-2.3727461831480796,0.05659446698855142,0.031642904596656515,0.0932243632539057
2024-10-10,-2.9114891831480807,-3.47286918314808,-2.37286918314808,0.05657147529446952,0.031027878159657362,0.09321289736239223
2024-10-11,-2.911292183148078,-3.47299218314808,-2.3924921831480797,0.056579870584107635,0.03102406196534449,0.09140205866085854
2024-10-12,-2.9110151831480757,-3.4731151831480798,-2.39261518314808,0.056601158262878176,0.03102024624039465,0.09139081689902574
2024-10-13,-2.9111181831480804,-3.4732381831480796,-2.3927381831480794,0.056599265511456595,0.03101643098475012,0.0913795765198447
2024-10-14,-2.9117411831480773,-3.47336118314808,-2.37336118314808,0.05657043412023494,0.031012616198353157,0.09316704789678336
2024-10-15,-2.911764183148085,-3.47348418314808,-2.3734841831480797,0.05656501039083206,0.031008801881146082,0.0931555890546253
2024-10-16,-2.9122471831480814,-3.4736071831480797,-2.37310718314808,0.05654715313669351,0.031004988033071168,0.09319117252867784
2024-10-17,-2.91301018314808,-3.47373018314808,-2.37373018314808,0.056502587162149,0.031001174654070707,0.09313267559818854
2024-10-18,-2.913233183148079,-3.47435318314808,-2.37385318314808,0.056495309253732556,0.03098201702192395,0.09312122098356322
2024-10-19,-2.9133561831480757,-3.4739761831480798,-2.3739761831480797,0.05649342797981665,0.030993549303062442,0.09310976777776885
2024-10-20,-2.9137591831480782,-3.4540991831480796,-2.3740991831480796,0.05647010417096002,0.031615771552101414,0.09309831598063216
2024-10-21,-2.9138221831480755,-3.45472218314808,-2.37422218314808,0.05646720559887868,0.03159623412075599,0.09308686559197984
2024-10-22,-2.9142051831480806,-3.45434518314808,-2.3743451831480797,0.05645584985081413,0.03160799502885117,0.09307541661163878
2024-10-23,-2.9142281831480776,-3.4744681831480797,-2.3744681831480796,0.05645717540789813,0.030978304227401474,0.09306396903943567
2024-10-24,-2.914291183148082,-3.47459118314808,-2.3740911831480798,0.056465988985591055,0.03097449413030727,0.09309951751657106
2024-10-25,-2.9139741831480825,-3.47471418314808,-2.37471418314808,0.056483101941642196,0.0309706845018262,0.09304107811875063
2024-10-26,-2.91367718314808,-3.4748371831480798,-2.3748371831480797,0.0565027831048857,0.030966875341900617,0.09302963476992243
2024-10-27,-2.913900183148078,-3.4749601831480796,-2.3749601831480796,0.05649016618928969,0.03096306665047289,0.09301819282853956
2024-10-28,-2.914503183148074,-3.47508318314808,-2.37508318314808,0.05645931718025042,0.030959258427485387,0.09300675229442888
2024-10-29,-2.914666183148084,-3.47520618314808,-2.39470618314808,0.0564547995301779,0.03095545067288052,0.09119991835487296
2024-10-30,-2.9145491831480754,-3.4753291831480797,-2.3753291831480796,0.05646651309071013,0.030951643386600666,0.09298387544733204
2024-10-31,-2.9157521831480855,-3.47545218314808,-2.3954521831480795,0.0564049050967792,0.03094783656858821,0.09113146149323959
2024-11-01,-2.915415183148076,-3.47557518314808,-2.39507518314808,0.056427158044049866,0.03094403021878559,0.09116627179317242
2024-11-02,-2.915718183148084,-3.4756981831480798,-2.3956981831480793,0.05641182024707815,0.030940224337135204,0.09110904591094193
2024-11-03,-2.9162811831480764,-3.47632118314808,-2.3958211831480796,0.05638623009980257,0.03092110437013385,0.09109784018746098
2024-11-04,-2.9160841831480715,-3.49594418314808,-2.39544418314808,0.05639843852539383,0.030320107183205196,0.09113263764476275
2024-11-05,-2.9161671831480835,-3.47606718314808,-2.3760671831480797,0.05639554093526694,0.030928809500521674,0.09291527866257887
2024-11-06,-2.9163701831480795,-3.4761901831480797,-2.3761901831480796,0.056386792844869235,0.030925005490904503,0.0929038507861322
2024-11-07,-2.916593183148085,-3.47681318314808,-2.3958131831480802,0.05637779045818121,0.03090589492861315,0.09109901590506429
2024-11-08,-2.9173161831480736,-3.49643618314808,-2.37643618314808,0.05633944287457243,0.03030519335957252,0.09288099924969302
2024-11-09,-2.9174791831480804,-3.49655918314808,-2.37605918314808,0.05633753013607079,0.03030146605002353,0.09291647783622031
2024-11-10,-2.9173821831480775,-3.4966821831480797,-2.37618218314808,0.05634988439932873,0.030297739198905424,0.09290504981228434
2024-11-11,-2.917865183148077,-3.49680518314808,-2.37680518314808,0.056324577785324216,0.030294012806161803,0.09284673248357704
2024-11-12,-2.918308183148088,-3.49692818314808,-2.3769281831480797,0.0562936393164948,0.03029028687173631,0.09283531303779188
2024-11-13,-2.919091183148078,-3.4970511831480797,-2.3770511831480796,0.056254889058136304,0.030286561395572575,0.09282389499651218
2024-11-14,-2.9197541831480827,-3.49717418314808,-2.37717418314808,0.05621835705790192,0.030282836377614208,0.09281247835956515
2024-11-15,-2.919977183148074,-3.49729718314808,-2.3772971831480794,0.05621651297073922,0.03027911181780489,0.09280106312677817
2024-11-16,-2.919940183148084,-3.49742018314808,-2.3774201831480797,0.05622626314355483,0.030275387716088255,0.09278964929797842
2024-11-17,-2.9203031831480777,-3.4975431831480797,-2.377543183148079,0.05621305103460874,0.030271664072407962,0.09277823687299334
2024-11-18,-2.9207061831480785,-3.49766618314808,-2.37766618314808,0.05618900619668934,0.03026794088670766,0.0927668258516501
2024-11-19,-2.9203491831480863,-3.49778918314808,-2.3777891831480797,0.05620756234712799,0.03026421815893105,0.09275541623377624
2024-11-20,-2.920572183148073,-3.4979121831480797,-2.39741218314808,0.05620400428033978,0.0302604958890218,0.0909534649776107
2024-11-21,-2.920755183148085,-3.49803518314808,-2.39803518314808,0.05619633230258791,0.030256774076923575,0.09089637267611701
2024-11-22,-2.9208781831480763,-3.49815818314808,-2.3981581831480794,0.056194783018174356,0.030253052722580102,0.09088519310983532
2024-11-23,-2.921121183148081,-3.49828118314808,-2.3982811831480797,0.05618735805488692,0.03024933182593506,0.09087401491855564
2024-11-24,-2.9210041831480775,-3.4984041831480797,-2.398404183148079,0.05620448804656149,0.030245611386932165,0.09086283810210902
2024-11-25,-2.9206071831480767,-3.49852718314808,-2.3980271831480797,0.05623656816349447,0.03024189140551511,0.09089754579356107
2024-11-26,-2.9209101831480835,-3.49865018314808,-2.39815018314808,0.056216991344235606,0.030238171881627644,0.09088636608299473
2024-11-27,-2.9214331831480758,-3.4987731831480797,-2.398773183148079,0.05619340300160307,0.030234452815213482,0.09082931590007597
2024-11-28,-2.921776183148091,-3.49889618314808,-2.3988961831480795,0.05616760920054799,0.03023073420621634,0.09081814458127042
2024-11-29,-2.9217791831480775,-3.49951918314808,-2.37901918314808,0.05617230907216379,0.030212052679083525,0.09264139720788456
2024-11-30,-2.9218421831480863,-3.51914218314808,-2.3791421831480797,0.05616900858003128,0.029624836955669493,0.09263000301678512
2024-12-01,-2.922505183148075,-3.49976518314808,-2.3792651831480796,0.056130293996812214,0.030204621428205815,0.092618610227085
2024-12-02,-2.9226481831480733,-3.49938818314808,-2.39888818314808,0.056123316012154104,0.030215864343273124,0.090819316689095
2024-12-03,-2.9221911831480836,-3.49951118314808,-2.3990111831480796,0.05615626292161881,0.03021214802051744,0.09080814660011684
2024-12-04,-2.9224741831480747,-3.4996341831480797,-2.3796341831480796,0.05614506977200225,0.030208432154841345,0.09258444026465698
2024-12-05,-2.9218771831480863,-3.50025718314808,-2.3992571831480802,0.056187354586229345,0.030189764409589398,0.09078581054350075
2024-12-06,-2.9222801831480782,-3.50038018314808,-2.3993801831480797,0.05616796548327477,0.030186051296928137,0.09077464457552506
2024-12-07,-2.922663183148083,-3.50000318314808,-2.39950318314808,0.05613720523064524,0.030197287299728433,0.09076347998087889
2024-12-08,-2.9227461831480746,-3.5001261831480797,-2.3996261831480794,0.05612873982837067,0.030193573261808583,0.09075231675939349
2024-12-09,-2.9232491831480782,-3.50024918314808,-2.38024918314808,0.05610646550486748,0.03018985968068729,0.09252751833918038
2024-12-10,-2.923332183148085,-3.50087218314808,-2.39987218314808,0.05610097659423754,0.03017120341256911,0.09072999443522907
2024-12-11,-2.9231751831480772,-3.50099518314808,-2.3804951831480796,0.05612088034702376,0.030167492582770083,0.09250475936913706
2024-12-12,-2.923178183148082,-3.50111818314808,-2.38061818314808,0.05612170461605113,0.03016378220937503,0.09249338198345819
2024-12-13,-2.9231011831480793,-3.50074118314808,-2.38074118314808,0.056124067029860586,0.030175009923064322,0.09248200599711173
2024-12-14,-2.9232441831480833,-3.50086418314808,-2.3808641831480797,0.05611087520557425,0.030171298625093292,0.09247063140992556
2024-12-15,-2.9226871831480783,-3.5009871831480797,-2.3804871831480794,0.05614272443447488,0.03016758778358384,0.09250595324457653
2024-12-16,-2.922650183148082,-3.50111018314808,-2.36111018314808,0.05615073907923551,0.03016387739847981,0.09431545762092036
2024-12-17,-2.9229931831480833,-3.50123318314808,-2.3612331831480797,0.05614280043706527,0.030160167469725097,0.09430385753305304
2024-12-18,-2.9233561831480745,-3.5213561831480797,-2.3808561831480795,0.05612684941058683,0.02955932012054863,0.09247182484490626
2024-12-19,-2.923559183148084,-3.52147918314808,-2.3809791831480798,0.05610664151488503,0.029555684547766106,0.09246045150992475
2024-12-20,-2.923282183148076,-3.52160218314808,-2.38110218314808,0.05613034119440076,0.029552049422131542,0.0924490795737774
2024-12-21,-2.922885183148084,-3.50222518314808,-2.3617251831480797,0.05616752510821041,0.03013040937773963,0.09425747144705963
2024-12-22,-2.9233081831480776,-3.5018481831480797,-2.3618481831480795,0.05614432256946933,0.030141624669226822,0.09424587849105306
2024-12-23,-2.9240711831480795,-3.50197118314808,-2.36197118314808,0.0561042337972797,0.03013791747738947,0.09423428696089235
2024-12-24,-2.924134183148081,-3.50209418314808,-2.3620941831480797,0.05610019218929812,0.030134210741508686,0.09422269685640222
2024-12-25,-2.9247171831480805,-3.5022171831480797,-2.3622171831480796,0.05607318043116272,0.030130504461528373,0.09421110817740726
2024-12-26,-2.9249001831480856,-3.50234018314808,-2.3623401831480795,0.05607059938433366,0.030126798637392455,0.09419952092373216
2024-12-27,-2.9251231831480786,-3.50246318314808,-2.36246318314808,0.05605441772090668,0.030123093269044884,0.09418793509520157
2024-12-28,-2.925326183148088,-3.50258618314808,-2.3625861831480797,0.056040487535777575,0.03011938835642959,0.09417635069164029
2024-12-29,-2.9250491831480763,-3.5027091831480797,-2.3627091831480795,0.056058246467168345,0.030115683899490524,0.09416476771287303
