date,pi_yoy_percent,pi_yoy_decimal
2015-01-01,3.07,0.030699999999999998
2015-01-02,3.07,0.030699999999999998
2015-01-03,3.07,0.030699999999999998
2015-01-04,3.07,0.030699999999999998
2015-01-05,3.07,0.030699999999999998
2015-01-06,3.07,0.030699999999999998
2015-01-07,3.07,0.030699999999999998
2015-01-08,3.07,0.030699999999999998
2015-01-09,3.07,0.030699999999999998
2015-01-10,3.07,0.030699999999999998
2015-01-11,3.07,0.030699999999999998
2015-01-12,3.07,0.030699999999999998
2015-01-13,3.07,0.030699999999999998
2015-01-14,3.07,0.030699999999999998
2015-01-15,3.07,0.030699999999999998
2015-01-16,3.07,0.030699999999999998
2015-01-17,3.07,0.030699999999999998
2015-01-18,3.07,0.030699999999999998
2015-01-19,3.07,0.030699999999999998
2015-01-20,3.07,0.030699999999999998
2015-01-21,3.07,0.030699999999999998
2015-01-22,3.07,0.030699999999999998
2015-01-23,3.07,0.030699999999999998
2015-01-24,3.07,0.030699999999999998
2015-01-25,3.07,0.030699999999999998
2015-01-26,3.07,0.030699999999999998
2015-01-27,3.07,0.030699999999999998
2015-01-28,3.07,0.030699999999999998
2015-01-29,3.07,0.030699999999999998
2015-01-30,3.07,0.030699999999999998
2015-01-31,3.07,0.030699999999999998
2015-02-01,2.77,0.0277
2015-02-02,2.77,0.0277
2015-02-03,2.77,0.0277
2015-02-04,2.77,0.0277
2015-02-05,2.77,0.0277
2015-02-06,2.77,0.0277
2015-02-07,2.77,0.0277
2015-02-08,2.77,0.0277
2015-02-09,2.77,0.0277
2015-02-10,2.77,0.0277
2015-02-11,2.77,0.0277
2015-02-12,2.77,0.0277
2015-02-13,2.77,0.0277
2015-02-14,2.77,0.0277
2015-02-15,2.77,0.0277
2015-02-16,2.77,0.0277
2015-02-17,2.77,0.0277
2015-02-18,2.77,0.0277
2015-02-19,2.77,0.0277
2015-02-20,2.77,0.0277
2015-02-21,2.77,0.0277
2015-02-22,2.77,0.0277
2015-02-23,2.77,0.0277
2015-02-24,2.77,0.0277
2015-02-25,2.77,0.0277
2015-02-26,2.77,0.0277
2015-02-27,2.77,0.0277
2015-02-28,2.77,0.0277
2015-03-01,3.02,0.0302
2015-03-02,3.02,0.0302
2015-03-03,3.02,0.0302
2015-03-04,3.02,0.0302
2015-03-05,3.02,0.0302
2015-03-06,3.02,0.0302
2015-03-07,3.02,0.0302
2015-03-08,3.02,0.0302
2015-03-09,3.02,0.0302
2015-03-10,3.02,0.0302
2015-03-11,3.02,0.0302
2015-03-12,3.02,0.0302
2015-03-13,3.02,0.0302
2015-03-14,3.02,0.0302
2015-03-15,3.02,0.0302
2015-03-16,3.02,0.0302
2015-03-17,3.02,0.0302
2015-03-18,3.02,0.0302
2015-03-19,3.02,0.0302
2015-03-20,3.02,0.0302
2015-03-21,3.02,0.0302
2015-03-22,3.02,0.0302
2015-03-23,3.02,0.0302
2015-03-24,3.02,0.0302
2015-03-25,3.02,0.0302
2015-03-26,3.02,0.0302
2015-03-27,3.02,0.0302
2015-03-28,3.02,0.0302
2015-03-29,3.02,0.0302
2015-03-30,3.02,0.0302
2015-03-31,3.02,0.0302
2015-04-01,3.02,0.0302
2015-04-02,3.02,0.0302
2015-04-03,3.02,0.0302
2015-04-04,3.02,0.0302
2015-04-05,3.02,0.0302
2015-04-06,3.02,0.0302
2015-04-07,3.02,0.0302
2015-04-08,3.02,0.0302
2015-04-09,3.02,0.0302
2015-04-10,3.02,0.0302
2015-04-11,3.02,0.0302
2015-04-12,3.02,0.0302
2015-04-13,3.02,0.0302
2015-04-14,3.02,0.0302
2015-04-15,3.02,0.0302
2015-04-16,3.02,0.0302
2015-04-17,3.02,0.0302
2015-04-18,3.02,0.0302
2015-04-19,3.02,0.0302
2015-04-20,3.02,0.0302
2015-04-21,3.02,0.0302
2015-04-22,3.02,0.0302
2015-04-23,3.02,0.0302
2015-04-24,3.02,0.0302
2015-04-25,3.02,0.0302
2015-04-26,3.02,0.0302
2015-04-27,3.02,0.0302
2015-04-28,3.02,0.0302
2015-04-29,3.02,0.0302
2015-04-30,3.02,0.0302
2015-05-01,3.37,0.0337
2015-05-02,3.37,0.0337
2015-05-03,3.37,0.0337
2015-05-04,3.37,0.0337
2015-05-05,3.37,0.0337
2015-05-06,3.37,0.0337
2015-05-07,3.37,0.0337
2015-05-08,3.37,0.0337
2015-05-09,3.37,0.0337
2015-05-10,3.37,0.0337
2015-05-11,3.37,0.0337
2015-05-12,3.37,0.0337
2015-05-13,3.37,0.0337
2015-05-14,3.37,0.0337
2015-05-15,3.37,0.0337
2015-05-16,3.37,0.0337
2015-05-17,3.37,0.0337
2015-05-18,3.37,0.0337
2015-05-19,3.37,0.0337
2015-05-20,3.37,0.0337
2015-05-21,3.37,0.0337
2015-05-22,3.37,0.0337
2015-05-23,3.37,0.0337
2015-05-24,3.37,0.0337
2015-05-25,3.37,0.0337
2015-05-26,3.37,0.0337
2015-05-27,3.37,0.0337
2015-05-28,3.37,0.0337
2015-05-29,3.37,0.0337
2015-05-30,3.37,0.0337
2015-05-31,3.37,0.0337
2015-06-01,3.54,0.0354
2015-06-02,3.54,0.0354
2015-06-03,3.54,0.0354
2015-06-04,3.54,0.0354
2015-06-05,3.54,0.0354
2015-06-06,3.54,0.0354
2015-06-07,3.54,0.0354
2015-06-08,3.54,0.0354
2015-06-09,3.54,0.0354
2015-06-10,3.54,0.0354
2015-06-11,3.54,0.0354
2015-06-12,3.54,0.0354
2015-06-13,3.54,0.0354
2015-06-14,3.54,0.0354
2015-06-15,3.54,0.0354
2015-06-16,3.54,0.0354
2015-06-17,3.54,0.0354
2015-06-18,3.54,0.0354
2015-06-19,3.54,0.0354
2015-06-20,3.54,0.0354
2015-06-21,3.54,0.0354
2015-06-22,3.54,0.0354
2015-06-23,3.54,0.0354
2015-06-24,3.54,0.0354
2015-06-25,3.54,0.0354
2015-06-26,3.54,0.0354
2015-06-27,3.54,0.0354
2015-06-28,3.54,0.0354
2015-06-29,3.54,0.0354
2015-06-30,3.54,0.0354
2015-07-01,3.56,0.0356
2015-07-02,3.56,0.0356
2015-07-03,3.56,0.0356
2015-07-04,3.56,0.0356
2015-07-05,3.56,0.0356
2015-07-06,3.56,0.0356
2015-07-07,3.56,0.0356
2015-07-08,3.56,0.0356
2015-07-09,3.56,0.0356
2015-07-10,3.56,0.0356
2015-07-11,3.56,0.0356
2015-07-12,3.56,0.0356
2015-07-13,3.56,0.0356
2015-07-14,3.56,0.0356
2015-07-15,3.56,0.0356
2015-07-16,3.56,0.0356
2015-07-17,3.56,0.0356
2015-07-18,3.56,0.0356
2015-07-19,3.56,0.0356
2015-07-20,3.56,0.0356
2015-07-21,3.56,0.0356
2015-07-22,3.56,0.0356
2015-07-23,3.56,0.0356
2015-07-24,3.56,0.0356
2015-07-25,3.56,0.0356
2015-07-26,3.56,0.0356
2015-07-27,3.56,0.0356
2015-07-28,3.56,0.0356
2015-07-29,3.56,0.0356
2015-07-30,3.56,0.0356
2015-07-31,3.56,0.0356
2015-08-01,4.04,0.0404
2015-08-02,4.04,0.0404
2015-08-03,4.04,0.0404
2015-08-04,4.04,0.0404
2015-08-05,4.04,0.0404
2015-08-06,4.04,0.0404
2015-08-07,4.04,0.0404
2015-08-08,4.04,0.0404
2015-08-09,4.04,0.0404
2015-08-10,4.04,0.0404
2015-08-11,4.04,0.0404
2015-08-12,4.04,0.0404
2015-08-13,4.04,0.0404
2015-08-14,4.04,0.0404
2015-08-15,4.04,0.0404
2015-08-16,4.04,0.0404
2015-08-17,4.04,0.0404
2015-08-18,4.04,0.0404
2015-08-19,4.04,0.0404
2015-08-20,4.04,0.0404
2015-08-21,4.04,0.0404
2015-08-22,4.04,0.0404
2015-08-23,4.04,0.0404
2015-08-24,4.04,0.0404
2015-08-25,4.04,0.0404
2015-08-26,4.04,0.0404
2015-08-27,4.04,0.0404
2015-08-28,4.04,0.0404
2015-08-29,4.04,0.0404
2015-08-30,4.04,0.0404
2015-08-31,4.04,0.0404
2015-09-01,3.9,0.039
2015-09-02,3.9,0.039
2015-09-03,3.9,0.039
2015-09-04,3.9,0.039
2015-09-05,3.9,0.039
2015-09-06,3.9,0.039
2015-09-07,3.9,0.039
2015-09-08,3.9,0.039
2015-09-09,3.9,0.039
2015-09-10,3.9,0.039
2015-09-11,3.9,0.039
2015-09-12,3.9,0.039
2015-09-13,3.9,0.039
2015-09-14,3.9,0.039
2015-09-15,3.9,0.039
2015-09-16,3.9,0.039
2015-09-17,3.9,0.039
2015-09-18,3.9,0.039
2015-09-19,3.9,0.039
2015-09-20,3.9,0.039
2015-09-21,3.9,0.039
2015-09-22,3.9,0.039
2015-09-23,3.9,0.039
2015-09-24,3.9,0.039
2015-09-25,3.9,0.039
2015-09-26,3.9,0.039
2015-09-27,3.9,0.039
2015-09-28,3.9,0.039
2015-09-29,3.9,0.039
2015-09-30,3.9,0.039
2015-10-01,3.66,0.0366
2015-10-02,3.66,0.0366
2015-10-03,3.66,0.0366
2015-10-04,3.66,0.0366
2015-10-05,3.66,0.0366
2015-10-06,3.66,0.0366
2015-10-07,3.66,0.0366
2015-10-08,3.66,0.0366
2015-10-09,3.66,0.0366
2015-10-10,3.66,0.0366
2015-10-11,3.66,0.0366
2015-10-12,3.66,0.0366
2015-10-13,3.66,0.0366
2015-10-14,3.66,0.0366
2015-10-15,3.66,0.0366
2015-10-16,3.66,0.0366
2015-10-17,3.66,0.0366
2015-10-18,3.66,0.0366
2015-10-19,3.66,0.0366
2015-10-20,3.66,0.0366
2015-10-21,3.66,0.0366
2015-10-22,3.66,0.0366
2015-10-23,3.66,0.0366
2015-10-24,3.66,0.0366
2015-10-25,3.66,0.0366
2015-10-26,3.66,0.0366
2015-10-27,3.66,0.0366
2015-10-28,3.66,0.0366
2015-10-29,3.66,0.0366
2015-10-30,3.66,0.0366
2015-10-31,3.66,0.0366
2015-11-01,4.17,0.0417
2015-11-02,4.17,0.0417
2015-11-03,4.17,0.0417
2015-11-04,4.17,0.0417
2015-11-05,4.17,0.0417
2015-11-06,4.17,0.0417
2015-11-07,4.17,0.0417
2015-11-08,4.17,0.0417
2015-11-09,4.17,0.0417
2015-11-10,4.17,0.0417
2015-11-11,4.17,0.0417
2015-11-12,4.17,0.0417
2015-11-13,4.17,0.0417
2015-11-14,4.17,0.0417
2015-11-15,4.17,0.0417
2015-11-16,4.17,0.0417
2015-11-17,4.17,0.0417
2015-11-18,4.17,0.0417
2015-11-19,4.17,0.0417
2015-11-20,4.17,0.0417
2015-11-21,4.17,0.0417
2015-11-22,4.17,0.0417
2015-11-23,4.17,0.0417
2015-11-24,4.17,0.0417
2015-11-25,4.17,0.0417
2015-11-26,4.17,0.0417
2015-11-27,4.17,0.0417
2015-11-28,4.17,0.0417
2015-11-29,4.17,0.0417
2015-11-30,4.17,0.0417
2015-12-01,4.4,0.044000000000000004
2015-12-02,4.4,0.044000000000000004
2015-12-03,4.4,0.044000000000000004
2015-12-04,4.4,0.044000000000000004
2015-12-05,4.4,0.044000000000000004
2015-12-06,4.4,0.044000000000000004
2015-12-07,4.4,0.044000000000000004
2015-12-08,4.4,0.044000000000000004
2015-12-09,4.4,0.044000000000000004
2015-12-10,4.4,0.044000000000000004
2015-12-11,4.4,0.044000000000000004
2015-12-12,4.4,0.044000000000000004
2015-12-13,4.4,0.044000000000000004
2015-12-14,4.4,0.044000000000000004
2015-12-15,4.4,0.044000000000000004
2015-12-16,4.4,0.044000000000000004
2015-12-17,4.4,0.044000000000000004
2015-12-18,4.4,0.044000000000000004
2015-12-19,4.4,0.044000000000000004
2015-12-20,4.4,0.044000000000000004
2015-12-21,4.4,0.044000000000000004
2015-12-22,4.4,0.044000000000000004
2015-12-23,4.4,0.044000000000000004
2015-12-24,4.4,0.044000000000000004
2015-12-25,4.4,0.044000000000000004
2015-12-26,4.4,0.044000000000000004
2015-12-27,4.4,0.044000000000000004
2015-12-28,4.4,0.044000000000000004
2015-12-29,4.4,0.044000000000000004
2015-12-30,4.4,0.044000000000000004
2015-12-31,4.4,0.044000000000000004
2016-01-01,4.61,0.0461
2016-01-02,4.61,0.0461
2016-01-03,4.61,0.0461
2016-01-04,4.61,0.0461
2016-01-05,4.61,0.0461
2016-01-06,4.61,0.0461
2016-01-07,4.61,0.0461
2016-01-08,4.61,0.0461
2016-01-09,4.61,0.0461
2016-01-10,4.61,0.0461
2016-01-11,4.61,0.0461
2016-01-12,4.61,0.0461
2016-01-13,4.61,0.0461
2016-01-14,4.61,0.0461
2016-01-15,4.61,0.0461
2016-01-16,4.61,0.0461
2016-01-17,4.61,0.0461
2016-01-18,4.61,0.0461
2016-01-19,4.61,0.0461
2016-01-20,4.61,0.0461
2016-01-21,4.61,0.0461
2016-01-22,4.61,0.0461
2016-01-23,4.61,0.0461
2016-01-24,4.61,0.0461
2016-01-25,4.61,0.0461
2016-01-26,4.61,0.0461
2016-01-27,4.61,0.0461
2016-01-28,4.61,0.0461
2016-01-29,4.61,0.0461
2016-01-30,4.61,0.0461
2016-01-31,4.61,0.0461
2016-02-01,4.47,0.0447
2016-02-02,4.47,0.0447
2016-02-03,4.47,0.0447
2016-02-04,4.47,0.0447
2016-02-05,4.47,0.0447
2016-02-06,4.47,0.0447
2016-02-07,4.47,0.0447
2016-02-08,4.47,0.0447
2016-02-09,4.47,0.0447
2016-02-10,4.47,0.0447
2016-02-11,4.47,0.0447
2016-02-12,4.47,0.0447
2016-02-13,4.47,0.0447
2016-02-14,4.47,0.0447
2016-02-15,4.47,0.0447
2016-02-16,4.47,0.0447
2016-02-17,4.47,0.0447
2016-02-18,4.47,0.0447
2016-02-19,4.47,0.0447
2016-02-20,4.47,0.0447
2016-02-21,4.47,0.0447
2016-02-22,4.47,0.0447
2016-02-23,4.47,0.0447
2016-02-24,4.47,0.0447
2016-02-25,4.47,0.0447
2016-02-26,4.47,0.0447
2016-02-27,4.47,0.0447
2016-02-28,4.47,0.0447
2016-02-29,4.47,0.0447
2016-03-01,4.3,0.043
2016-03-02,4.3,0.043
2016-03-03,4.3,0.043
2016-03-04,4.3,0.043
2016-03-05,4.3,0.043
2016-03-06,4.3,0.043
2016-03-07,4.3,0.043
2016-03-08,4.3,0.043
2016-03-09,4.3,0.043
2016-03-10,4.3,0.043
2016-03-11,4.3,0.043
2016-03-12,4.3,0.043
2016-03-13,4.3,0.043
2016-03-14,4.3,0.043
2016-03-15,4.3,0.043
2016-03-16,4.3,0.043
2016-03-17,4.3,0.043
2016-03-18,4.3,0.043
2016-03-19,4.3,0.043
2016-03-20,4.3,0.043
2016-03-21,4.3,0.043
2016-03-22,4.3,0.043
2016-03-23,4.3,0.043
2016-03-24,4.3,0.043
2016-03-25,4.3,0.043
2016-03-26,4.3,0.043
2016-03-27,4.3,0.043
2016-03-28,4.3,0.043
2016-03-29,4.3,0.043
2016-03-30,4.3,0.043
2016-03-31,4.3,0.043
2016-04-01,3.91,0.0391
2016-04-02,3.91,0.0391
2016-04-03,3.91,0.0391
2016-04-04,3.91,0.0391
2016-04-05,3.91,0.0391
2016-04-06,3.91,0.0391
2016-04-07,3.91,0.0391
2016-04-08,3.91,0.0391
2016-04-09,3.91,0.0391
2016-04-10,3.91,0.0391
2016-04-11,3.91,0.0391
2016-04-12,3.91,0.0391
2016-04-13,3.91,0.0391
2016-04-14,3.91,0.0391
2016-04-15,3.91,0.0391
2016-04-16,3.91,0.0391
2016-04-17,3.91,0.0391
2016-04-18,3.91,0.0391
2016-04-19,3.91,0.0391
2016-04-20,3.91,0.0391
2016-04-21,3.91,0.0391
2016-04-22,3.91,0.0391
2016-04-23,3.91,0.0391
2016-04-24,3.91,0.0391
2016-04-25,3.91,0.0391
2016-04-26,3.91,0.0391
2016-04-27,3.91,0.0391
2016-04-28,3.91,0.0391
2016-04-29,3.91,0.0391
2016-04-30,3.91,0.0391
2016-05-01,3.54,0.0354
2016-05-02,3.54,0.0354
2016-05-03,3.54,0.0354
2016-05-04,3.54,0.0354
2016-05-05,3.54,0.0354
2016-05-06,3.54,0.0354
2016-05-07,3.54,0.0354
2016-05-08,3.54,0.0354
2016-05-09,3.54,0.0354
2016-05-10,3.54,0.0354
2016-05-11,3.54,0.0354
2016-05-12,3.54,0.0354
2016-05-13,3.54,0.0354
2016-05-14,3.54,0.0354
2016-05-15,3.54,0.0354
2016-05-16,3.54,0.0354
2016-05-17,3.54,0.0354
2016-05-18,3.54,0.0354
2016-05-19,3.54,0.0354
2016-05-20,3.54,0.0354
2016-05-21,3.54,0.0354
2016-05-22,3.54,0.0354
2016-05-23,3.54,0.0354
2016-05-24,3.54,0.0354
2016-05-25,3.54,0.0354
2016-05-26,3.54,0.0354
2016-05-27,3.54,0.0354
2016-05-28,3.54,0.0354
2016-05-29,3.54,0.0354
2016-05-30,3.54,0.0354
2016-05-31,3.54,0.0354
2016-06-01,3.34,0.0334
2016-06-02,3.34,0.0334
2016-06-03,3.34,0.0334
2016-06-04,3.34,0.0334
2016-06-05,3.34,0.0334
2016-06-06,3.34,0.0334
2016-06-07,3.34,0.0334
2016-06-08,3.34,0.0334
2016-06-09,3.34,0.0334
2016-06-10,3.34,0.0334
2016-06-11,3.34,0.0334
2016-06-12,3.34,0.0334
2016-06-13,3.34,0.0334
2016-06-14,3.34,0.0334
2016-06-15,3.34,0.0334
2016-06-16,3.34,0.0334
2016-06-17,3.34,0.0334
2016-06-18,3.34,0.0334
2016-06-19,3.34,0.0334
2016-06-20,3.34,0.0334
2016-06-21,3.34,0.0334
2016-06-22,3.34,0.0334
2016-06-23,3.34,0.0334
2016-06-24,3.34,0.0334
2016-06-25,3.34,0.0334
2016-06-26,3.34,0.0334
2016-06-27,3.34,0.0334
2016-06-28,3.34,0.0334
2016-06-29,3.34,0.0334
2016-06-30,3.34,0.0334
2016-07-01,2.96,0.0296
2016-07-02,2.96,0.0296
2016-07-03,2.96,0.0296
2016-07-04,2.96,0.0296
2016-07-05,2.96,0.0296
2016-07-06,2.96,0.0296
2016-07-07,2.96,0.0296
2016-07-08,2.96,0.0296
2016-07-09,2.96,0.0296
2016-07-10,2.96,0.0296
2016-07-11,2.96,0.0296
2016-07-12,2.96,0.0296
2016-07-13,2.96,0.0296
2016-07-14,2.96,0.0296
2016-07-15,2.96,0.0296
2016-07-16,2.96,0.0296
2016-07-17,2.96,0.0296
2016-07-18,2.96,0.0296
2016-07-19,2.96,0.0296
2016-07-20,2.96,0.0296
2016-07-21,2.96,0.0296
2016-07-22,2.96,0.0296
2016-07-23,2.96,0.0296
2016-07-24,2.96,0.0296
2016-07-25,2.96,0.0296
2016-07-26,2.96,0.0296
2016-07-27,2.96,0.0296
2016-07-28,2.96,0.0296
2016-07-29,2.96,0.0296
2016-07-30,2.96,0.0296
2016-07-31,2.96,0.0296
2016-08-01,2.94,0.0294
2016-08-02,2.94,0.0294
2016-08-03,2.94,0.0294
2016-08-04,2.94,0.0294
2016-08-05,2.94,0.0294
2016-08-06,2.94,0.0294
2016-08-07,2.94,0.0294
2016-08-08,2.94,0.0294
2016-08-09,2.94,0.0294
2016-08-10,2.94,0.0294
2016-08-11,2.94,0.0294
2016-08-12,2.94,0.0294
2016-08-13,2.94,0.0294
2016-08-14,2.94,0.0294
2016-08-15,2.94,0.0294
2016-08-16,2.94,0.0294
2016-08-17,2.94,0.0294
2016-08-18,2.94,0.0294
2016-08-19,2.94,0.0294
2016-08-20,2.94,0.0294
2016-08-21,2.94,0.0294
2016-08-22,2.94,0.0294
2016-08-23,2.94,0.0294
2016-08-24,2.94,0.0294
2016-08-25,2.94,0.0294
2016-08-26,2.94,0.0294
2016-08-27,2.94,0.0294
2016-08-28,2.94,0.0294
2016-08-29,2.94,0.0294
2016-08-30,2.94,0.0294
2016-08-31,2.94,0.0294
2016-09-01,3.13,0.0313
2016-09-02,3.13,0.0313
2016-09-03,3.13,0.0313
2016-09-04,3.13,0.0313
2016-09-05,3.13,0.0313
2016-09-06,3.13,0.0313
2016-09-07,3.13,0.0313
2016-09-08,3.13,0.0313
2016-09-09,3.13,0.0313
2016-09-10,3.13,0.0313
2016-09-11,3.13,0.0313
2016-09-12,3.13,0.0313
2016-09-13,3.13,0.0313
2016-09-14,3.13,0.0313
2016-09-15,3.13,0.0313
2016-09-16,3.13,0.0313
2016-09-17,3.13,0.0313
2016-09-18,3.13,0.0313
2016-09-19,3.13,0.0313
2016-09-20,3.13,0.0313
2016-09-21,3.13,0.0313
2016-09-22,3.13,0.0313
2016-09-23,3.13,0.0313
2016-09-24,3.13,0.0313
2016-09-25,3.13,0.0313
2016-09-26,3.13,0.0313
2016-09-27,3.13,0.0313
2016-09-28,3.13,0.0313
2016-09-29,3.13,0.0313
2016-09-30,3.13,0.0313
2016-10-01,3.41,0.0341
2016-10-02,3.41,0.0341
2016-10-03,3.41,0.0341
2016-10-04,3.41,0.0341
2016-10-05,3.41,0.0341
2016-10-06,3.41,0.0341
2016-10-07,3.41,0.0341
2016-10-08,3.41,0.0341
2016-10-09,3.41,0.0341
2016-10-10,3.41,0.0341
2016-10-11,3.41,0.0341
2016-10-12,3.41,0.0341
2016-10-13,3.41,0.0341
2016-10-14,3.41,0.0341
2016-10-15,3.41,0.0341
2016-10-16,3.41,0.0341
2016-10-17,3.41,0.0341
2016-10-18,3.41,0.0341
2016-10-19,3.41,0.0341
2016-10-20,3.41,0.0341
2016-10-21,3.41,0.0341
2016-10-22,3.41,0.0341
2016-10-23,3.41,0.0341
2016-10-24,3.41,0.0341
2016-10-25,3.41,0.0341
2016-10-26,3.41,0.0341
2016-10-27,3.41,0.0341
2016-10-28,3.41,0.0341
2016-10-29,3.41,0.0341
2016-10-30,3.41,0.0341
2016-10-31,3.41,0.0341
2016-11-01,3.35,0.0335
2016-11-02,3.35,0.0335
2016-11-03,3.35,0.0335
2016-11-04,3.35,0.0335
2016-11-05,3.35,0.0335
2016-11-06,3.35,0.0335
2016-11-07,3.35,0.0335
2016-11-08,3.35,0.0335
2016-11-09,3.35,0.0335
2016-11-10,3.35,0.0335
2016-11-11,3.35,0.0335
2016-11-12,3.35,0.0335
2016-11-13,3.35,0.0335
2016-11-14,3.35,0.0335
2016-11-15,3.35,0.0335
2016-11-16,3.35,0.0335
2016-11-17,3.35,0.0335
2016-11-18,3.35,0.0335
2016-11-19,3.35,0.0335
2016-11-20,3.35,0.0335
2016-11-21,3.35,0.0335
2016-11-22,3.35,0.0335
2016-11-23,3.35,0.0335
2016-11-24,3.35,0.0335
2016-11-25,3.35,0.0335
2016-11-26,3.35,0.0335
2016-11-27,3.35,0.0335
2016-11-28,3.35,0.0335
2016-11-29,3.35,0.0335
2016-11-30,3.35,0.0335
2016-12-01,3.23,0.0323
2016-12-02,3.23,0.0323
2016-12-03,3.23,0.0323
2016-12-04,3.23,0.0323
2016-12-05,3.23,0.0323
2016-12-06,3.23,0.0323
2016-12-07,3.23,0.0323
2016-12-08,3.23,0.0323
2016-12-09,3.23,0.0323
2016-12-10,3.23,0.0323
2016-12-11,3.23,0.0323
2016-12-12,3.23,0.0323
2016-12-13,3.23,0.0323
2016-12-14,3.23,0.0323
2016-12-15,3.23,0.0323
2016-12-16,3.23,0.0323
2016-12-17,3.23,0.0323
2016-12-18,3.23,0.0323
2016-12-19,3.23,0.0323
2016-12-20,3.23,0.0323
2016-12-21,3.23,0.0323
2016-12-22,3.23,0.0323
2016-12-23,3.23,0.0323
2016-12-24,3.23,0.0323
2016-12-25,3.23,0.0323
2016-12-26,3.23,0.0323
2016-12-27,3.23,0.0323
2016-12-28,3.23,0.0323
2016-12-29,3.23,0.0323
2016-12-30,3.23,0.0323
2016-12-31,3.23,0.0323
2017-01-01,3.1,0.031
2017-01-02,3.1,0.031
2017-01-03,3.1,0.031
2017-01-04,3.1,0.031
2017-01-05,3.1,0.031
2017-01-06,3.1,0.031
2017-01-07,3.1,0.031
2017-01-08,3.1,0.031
2017-01-09,3.1,0.031
2017-01-10,3.1,0.031
2017-01-11,3.1,0.031
2017-01-12,3.1,0.031
2017-01-13,3.1,0.031
2017-01-14,3.1,0.031
2017-01-15,3.1,0.031
2017-01-16,3.1,0.031
2017-01-17,3.1,0.031
2017-01-18,3.1,0.031
2017-01-19,3.1,0.031
2017-01-20,3.1,0.031
2017-01-21,3.1,0.031
2017-01-22,3.1,0.031
2017-01-23,3.1,0.031
2017-01-24,3.1,0.031
2017-01-25,3.1,0.031
2017-01-26,3.1,0.031
2017-01-27,3.1,0.031
2017-01-28,3.1,0.031
2017-01-29,3.1,0.031
2017-01-30,3.1,0.031
2017-01-31,3.1,0.031
2017-02-01,3.25,0.0325
2017-02-02,3.25,0.0325
2017-02-03,3.25,0.0325
2017-02-04,3.25,0.0325
2017-02-05,3.25,0.0325
2017-02-06,3.25,0.0325
2017-02-07,3.25,0.0325
2017-02-08,3.25,0.0325
2017-02-09,3.25,0.0325
2017-02-10,3.25,0.0325
2017-02-11,3.25,0.0325
2017-02-12,3.25,0.0325
2017-02-13,3.25,0.0325
2017-02-14,3.25,0.0325
2017-02-15,3.25,0.0325
2017-02-16,3.25,0.0325
2017-02-17,3.25,0.0325
2017-02-18,3.25,0.0325
2017-02-19,3.25,0.0325
2017-02-20,3.25,0.0325
2017-02-21,3.25,0.0325
2017-02-22,3.25,0.0325
2017-02-23,3.25,0.0325
2017-02-24,3.25,0.0325
2017-02-25,3.25,0.0325
2017-02-26,3.25,0.0325
2017-02-27,3.25,0.0325
2017-02-28,3.25,0.0325
2017-03-01,3.97,0.0397
2017-03-02,3.97,0.0397
2017-03-03,3.97,0.0397
2017-03-04,3.97,0.0397
2017-03-05,3.97,0.0397
2017-03-06,3.97,0.0397
2017-03-07,3.97,0.0397
2017-03-08,3.97,0.0397
2017-03-09,3.97,0.0397
2017-03-10,3.97,0.0397
2017-03-11,3.97,0.0397
2017-03-12,3.97,0.0397
2017-03-13,3.97,0.0397
2017-03-14,3.97,0.0397
2017-03-15,3.97,0.0397
2017-03-16,3.97,0.0397
2017-03-17,3.97,0.0397
2017-03-18,3.97,0.0397
2017-03-19,3.97,0.0397
2017-03-20,3.97,0.0397
2017-03-21,3.97,0.0397
2017-03-22,3.97,0.0397
2017-03-23,3.97,0.0397
2017-03-24,3.97,0.0397
2017-03-25,3.97,0.0397
2017-03-26,3.97,0.0397
2017-03-27,3.97,0.0397
2017-03-28,3.97,0.0397
2017-03-29,3.97,0.0397
2017-03-30,3.97,0.0397
2017-03-31,3.97,0.0397
2017-04-01,3.69,0.0369
2017-04-02,3.69,0.0369
2017-04-03,3.69,0.0369
2017-04-04,3.69,0.0369
2017-04-05,3.69,0.0369
2017-04-06,3.69,0.0369
2017-04-07,3.69,0.0369
2017-04-08,3.69,0.0369
2017-04-09,3.69,0.0369
2017-04-10,3.69,0.0369
2017-04-11,3.69,0.0369
2017-04-12,3.69,0.0369
2017-04-13,3.69,0.0369
2017-04-14,3.69,0.0369
2017-04-15,3.69,0.0369
2017-04-16,3.69,0.0369
2017-04-17,3.69,0.0369
2017-04-18,3.69,0.0369
2017-04-19,3.69,0.0369
2017-04-20,3.69,0.0369
2017-04-21,3.69,0.0369
2017-04-22,3.69,0.0369
2017-04-23,3.69,0.0369
2017-04-24,3.69,0.0369
2017-04-25,3.69,0.0369
2017-04-26,3.69,0.0369
2017-04-27,3.69,0.0369
2017-04-28,3.69,0.0369
2017-04-29,3.69,0.0369
2017-04-30,3.69,0.0369
2017-05-01,3.04,0.0304
2017-05-02,3.04,0.0304
2017-05-03,3.04,0.0304
2017-05-04,3.04,0.0304
2017-05-05,3.04,0.0304
2017-05-06,3.04,0.0304
2017-05-07,3.04,0.0304
2017-05-08,3.04,0.0304
2017-05-09,3.04,0.0304
2017-05-10,3.04,0.0304
2017-05-11,3.04,0.0304
2017-05-12,3.04,0.0304
2017-05-13,3.04,0.0304
2017-05-14,3.04,0.0304
2017-05-15,3.04,0.0304
2017-05-16,3.04,0.0304
2017-05-17,3.04,0.0304
2017-05-18,3.04,0.0304
2017-05-19,3.04,0.0304
2017-05-20,3.04,0.0304
2017-05-21,3.04,0.0304
2017-05-22,3.04,0.0304
2017-05-23,3.04,0.0304
2017-05-24,3.04,0.0304
2017-05-25,3.04,0.0304
2017-05-26,3.04,0.0304
2017-05-27,3.04,0.0304
2017-05-28,3.04,0.0304
2017-05-29,3.04,0.0304
2017-05-30,3.04,0.0304
2017-05-31,3.04,0.0304
2017-06-01,2.73,0.0273
2017-06-02,2.73,0.0273
2017-06-03,2.73,0.0273
2017-06-04,2.73,0.0273
2017-06-05,2.73,0.0273
2017-06-06,2.73,0.0273
2017-06-07,2.73,0.0273
2017-06-08,2.73,0.0273
2017-06-09,2.73,0.0273
2017-06-10,2.73,0.0273
2017-06-11,2.73,0.0273
2017-06-12,2.73,0.0273
2017-06-13,2.73,0.0273
2017-06-14,2.73,0.0273
2017-06-15,2.73,0.0273
2017-06-16,2.73,0.0273
2017-06-17,2.73,0.0273
2017-06-18,2.73,0.0273
2017-06-19,2.73,0.0273
2017-06-20,2.73,0.0273
2017-06-21,2.73,0.0273
2017-06-22,2.73,0.0273
2017-06-23,2.73,0.0273
2017-06-24,2.73,0.0273
2017-06-25,2.73,0.0273
2017-06-26,2.73,0.0273
2017-06-27,2.73,0.0273
2017-06-28,2.73,0.0273
2017-06-29,2.73,0.0273
2017-06-30,2.73,0.0273
2017-07-01,2.85,0.0285
2017-07-02,2.85,0.0285
2017-07-03,2.85,0.0285
2017-07-04,2.85,0.0285
2017-07-05,2.85,0.0285
2017-07-06,2.85,0.0285
2017-07-07,2.85,0.0285
2017-07-08,2.85,0.0285
2017-07-09,2.85,0.0285
2017-07-10,2.85,0.0285
2017-07-11,2.85,0.0285
2017-07-12,2.85,0.0285
2017-07-13,2.85,0.0285
2017-07-14,2.85,0.0285
2017-07-15,2.85,0.0285
2017-07-16,2.85,0.0285
2017-07-17,2.85,0.0285
2017-07-18,2.85,0.0285
2017-07-19,2.85,0.0285
2017-07-20,2.85,0.0285
2017-07-21,2.85,0.0285
2017-07-22,2.85,0.0285
2017-07-23,2.85,0.0285
2017-07-24,2.85,0.0285
2017-07-25,2.85,0.0285
2017-07-26,2.85,0.0285
2017-07-27,2.85,0.0285
2017-07-28,2.85,0.0285
2017-07-29,2.85,0.0285
2017-07-30,2.85,0.0285
2017-07-31,2.85,0.0285
2017-08-01,3.17,0.0317
2017-08-02,3.17,0.0317
2017-08-03,3.17,0.0317
2017-08-04,3.17,0.0317
2017-08-05,3.17,0.0317
2017-08-06,3.17,0.0317
2017-08-07,3.17,0.0317
2017-08-08,3.17,0.0317
2017-08-09,3.17,0.0317
2017-08-10,3.17,0.0317
2017-08-11,3.17,0.0317
2017-08-12,3.17,0.0317
2017-08-13,3.17,0.0317
2017-08-14,3.17,0.0317
2017-08-15,3.17,0.0317
2017-08-16,3.17,0.0317
2017-08-17,3.17,0.0317
2017-08-18,3.17,0.0317
2017-08-19,3.17,0.0317
2017-08-20,3.17,0.0317
2017-08-21,3.17,0.0317
2017-08-22,3.17,0.0317
2017-08-23,3.17,0.0317
2017-08-24,3.17,0.0317
2017-08-25,3.17,0.0317
2017-08-26,3.17,0.0317
2017-08-27,3.17,0.0317
2017-08-28,3.17,0.0317
2017-08-29,3.17,0.0317
2017-08-30,3.17,0.0317
2017-08-31,3.17,0.0317
2017-09-01,2.94,0.0294
2017-09-02,2.94,0.0294
2017-09-03,2.94,0.0294
2017-09-04,2.94,0.0294
2017-09-05,2.94,0.0294
2017-09-06,2.94,0.0294
2017-09-07,2.94,0.0294
2017-09-08,2.94,0.0294
2017-09-09,2.94,0.0294
2017-09-10,2.94,0.0294
2017-09-11,2.94,0.0294
2017-09-12,2.94,0.0294
2017-09-13,2.94,0.0294
2017-09-14,2.94,0.0294
2017-09-15,2.94,0.0294
2017-09-16,2.94,0.0294
2017-09-17,2.94,0.0294
2017-09-18,2.94,0.0294
2017-09-19,2.94,0.0294
2017-09-20,2.94,0.0294
2017-09-21,2.94,0.0294
2017-09-22,2.94,0.0294
2017-09-23,2.94,0.0294
2017-09-24,2.94,0.0294
2017-09-25,2.94,0.0294
2017-09-26,2.94,0.0294
2017-09-27,2.94,0.0294
2017-09-28,2.94,0.0294
2017-09-29,2.94,0.0294
2017-09-30,2.94,0.0294
2017-10-01,2.04,0.0204
2017-10-02,2.04,0.0204
2017-10-03,2.04,0.0204
2017-10-04,2.04,0.0204
2017-10-05,2.04,0.0204
2017-10-06,2.04,0.0204
2017-10-07,2.04,0.0204
2017-10-08,2.04,0.0204
2017-10-09,2.04,0.0204
2017-10-10,2.04,0.0204
2017-10-11,2.04,0.0204
2017-10-12,2.04,0.0204
2017-10-13,2.04,0.0204
2017-10-14,2.04,0.0204
2017-10-15,2.04,0.0204
2017-10-16,2.04,0.0204
2017-10-17,2.04,0.0204
2017-10-18,2.04,0.0204
2017-10-19,2.04,0.0204
2017-10-20,2.04,0.0204
2017-10-21,2.04,0.0204
2017-10-22,2.04,0.0204
2017-10-23,2.04,0.0204
2017-10-24,2.04,0.0204
2017-10-25,2.04,0.0204
2017-10-26,2.04,0.0204
2017-10-27,2.04,0.0204
2017-10-28,2.04,0.0204
2017-10-29,2.04,0.0204
2017-10-30,2.04,0.0204
2017-10-31,2.04,0.0204
2017-11-01,1.54,0.0154
2017-11-02,1.54,0.0154
2017-11-03,1.54,0.0154
2017-11-04,1.54,0.0154
2017-11-05,1.54,0.0154
2017-11-06,1.54,0.0154
2017-11-07,1.54,0.0154
2017-11-08,1.54,0.0154
2017-11-09,1.54,0.0154
2017-11-10,1.54,0.0154
2017-11-11,1.54,0.0154
2017-11-12,1.54,0.0154
2017-11-13,1.54,0.0154
2017-11-14,1.54,0.0154
2017-11-15,1.54,0.0154
2017-11-16,1.54,0.0154
2017-11-17,1.54,0.0154
2017-11-18,1.54,0.0154
2017-11-19,1.54,0.0154
2017-11-20,1.54,0.0154
2017-11-21,1.54,0.0154
2017-11-22,1.54,0.0154
2017-11-23,1.54,0.0154
2017-11-24,1.54,0.0154
2017-11-25,1.54,0.0154
2017-11-26,1.54,0.0154
2017-11-27,1.54,0.0154
2017-11-28,1.54,0.0154
2017-11-29,1.54,0.0154
2017-11-30,1.54,0.0154
2017-12-01,1.36,0.013600000000000001
2017-12-02,1.36,0.013600000000000001
2017-12-03,1.36,0.013600000000000001
2017-12-04,1.36,0.013600000000000001
2017-12-05,1.36,0.013600000000000001
2017-12-06,1.36,0.013600000000000001
2017-12-07,1.36,0.013600000000000001
2017-12-08,1.36,0.013600000000000001
2017-12-09,1.36,0.013600000000000001
2017-12-10,1.36,0.013600000000000001
2017-12-11,1.36,0.013600000000000001
2017-12-12,1.36,0.013600000000000001
2017-12-13,1.36,0.013600000000000001
2017-12-14,1.36,0.013600000000000001
2017-12-15,1.36,0.013600000000000001
2017-12-16,1.36,0.013600000000000001
2017-12-17,1.36,0.013600000000000001
2017-12-18,1.36,0.013600000000000001
2017-12-19,1.36,0.013600000000000001
2017-12-20,1.36,0.013600000000000001
2017-12-21,1.36,0.013600000000000001
2017-12-22,1.36,0.013600000000000001
2017-12-23,1.36,0.013600000000000001
2017-12-24,1.36,0.013600000000000001
2017-12-25,1.36,0.013600000000000001
2017-12-26,1.36,0.013600000000000001
2017-12-27,1.36,0.013600000000000001
2017-12-28,1.36,0.013600000000000001
2017-12-29,1.36,0.013600000000000001
2017-12-30,1.36,0.013600000000000001
2017-12-31,1.36,0.013600000000000001
2018-01-01,1.25,0.0125
2018-01-02,1.25,0.0125
2018-01-03,1.25,0.0125
2018-01-04,1.25,0.0125
2018-01-05,1.25,0.0125
2018-01-06,1.25,0.0125
2018-01-07,1.25,0.0125
2018-01-08,1.25,0.0125
2018-01-09,1.25,0.0125
2018-01-10,1.25,0.0125
2018-01-11,1.25,0.0125
2018-01-12,1.25,0.0125
2018-01-13,1.25,0.0125
2018-01-14,1.25,0.0125
2018-01-15,1.25,0.0125
2018-01-16,1.25,0.0125
2018-01-17,1.25,0.0125
2018-01-18,1.25,0.0125
2018-01-19,1.25,0.0125
2018-01-20,1.25,0.0125
2018-01-21,1.25,0.0125
2018-01-22,1.25,0.0125
2018-01-23,1.25,0.0125
2018-01-24,1.25,0.0125
2018-01-25,1.25,0.0125
2018-01-26,1.25,0.0125
2018-01-27,1.25,0.0125
2018-01-28,1.25,0.0125
2018-01-29,1.25,0.0125
2018-01-30,1.25,0.0125
2018-01-31,1.25,0.0125
2018-02-01,1.18,0.0118
2018-02-02,1.18,0.0118
2018-02-03,1.18,0.0118
2018-02-04,1.18,0.0118
2018-02-05,1.18,0.0118
2018-02-06,1.18,0.0118
2018-02-07,1.18,0.0118
2018-02-08,1.18,0.0118
2018-02-09,1.18,0.0118
2018-02-10,1.18,0.0118
2018-02-11,1.18,0.0118
2018-02-12,1.18,0.0118
2018-02-13,1.18,0.0118
2018-02-14,1.18,0.0118
2018-02-15,1.18,0.0118
2018-02-16,1.18,0.0118
2018-02-17,1.18,0.0118
2018-02-18,1.18,0.0118
2018-02-19,1.18,0.0118
2018-02-20,1.18,0.0118
2018-02-21,1.18,0.0118
2018-02-22,1.18,0.0118
2018-02-23,1.18,0.0118
2018-02-24,1.18,0.0118
2018-02-25,1.18,0.0118
2018-02-26,1.18,0.0118
2018-02-27,1.18,0.0118
2018-02-28,1.18,0.0118
2018-03-01,0.36,0.0036
2018-03-02,0.36,0.0036
2018-03-03,0.36,0.0036
2018-03-04,0.36,0.0036
2018-03-05,0.36,0.0036
2018-03-06,0.36,0.0036
2018-03-07,0.36,0.0036
2018-03-08,0.36,0.0036
2018-03-09,0.36,0.0036
2018-03-10,0.36,0.0036
2018-03-11,0.36,0.0036
2018-03-12,0.36,0.0036
2018-03-13,0.36,0.0036
2018-03-14,0.36,0.0036
2018-03-15,0.36,0.0036
2018-03-16,0.36,0.0036
2018-03-17,0.36,0.0036
2018-03-18,0.36,0.0036
2018-03-19,0.36,0.0036
2018-03-20,0.36,0.0036
2018-03-21,0.36,0.0036
2018-03-22,0.36,0.0036
2018-03-23,0.36,0.0036
2018-03-24,0.36,0.0036
2018-03-25,0.36,0.0036
2018-03-26,0.36,0.0036
2018-03-27,0.36,0.0036
2018-03-28,0.36,0.0036
2018-03-29,0.36,0.0036
2018-03-30,0.36,0.0036
2018-03-31,0.36,0.0036
2018-04-01,0.48,0.0048
2018-04-02,0.48,0.0048
2018-04-03,0.48,0.0048
2018-04-04,0.48,0.0048
2018-04-05,0.48,0.0048
2018-04-06,0.48,0.0048
2018-04-07,0.48,0.0048
2018-04-08,0.48,0.0048
2018-04-09,0.48,0.0048
2018-04-10,0.48,0.0048
2018-04-11,0.48,0.0048
2018-04-12,0.48,0.0048
2018-04-13,0.48,0.0048
2018-04-14,0.48,0.0048
2018-04-15,0.48,0.0048
2018-04-16,0.48,0.0048
2018-04-17,0.48,0.0048
2018-04-18,0.48,0.0048
2018-04-19,0.48,0.0048
2018-04-20,0.48,0.0048
2018-04-21,0.48,0.0048
2018-04-22,0.48,0.0048
2018-04-23,0.48,0.0048
2018-04-24,0.48,0.0048
2018-04-25,0.48,0.0048
2018-04-26,0.48,0.0048
2018-04-27,0.48,0.0048
2018-04-28,0.48,0.0048
2018-04-29,0.48,0.0048
2018-04-30,0.48,0.0048
2018-05-01,0.93,0.009300000000000001
2018-05-02,0.93,0.009300000000000001
2018-05-03,0.93,0.009300000000000001
2018-05-04,0.93,0.009300000000000001
2018-05-05,0.93,0.009300000000000001
2018-05-06,0.93,0.009300000000000001
2018-05-07,0.93,0.009300000000000001
2018-05-08,0.93,0.009300000000000001
2018-05-09,0.93,0.009300000000000001
2018-05-10,0.93,0.009300000000000001
2018-05-11,0.93,0.009300000000000001
2018-05-12,0.93,0.009300000000000001
2018-05-13,0.93,0.009300000000000001
2018-05-14,0.93,0.009300000000000001
2018-05-15,0.93,0.009300000000000001
2018-05-16,0.93,0.009300000000000001
2018-05-17,0.93,0.009300000000000001
2018-05-18,0.93,0.009300000000000001
2018-05-19,0.93,0.009300000000000001
2018-05-20,0.93,0.009300000000000001
2018-05-21,0.93,0.009300000000000001
2018-05-22,0.93,0.009300000000000001
2018-05-23,0.93,0.009300000000000001
2018-05-24,0.93,0.009300000000000001
2018-05-25,0.93,0.009300000000000001
2018-05-26,0.93,0.009300000000000001
2018-05-27,0.93,0.009300000000000001
2018-05-28,0.93,0.009300000000000001
2018-05-29,0.93,0.009300000000000001
2018-05-30,0.93,0.009300000000000001
2018-05-31,0.93,0.009300000000000001
2018-06-01,1.43,0.0143
2018-06-02,1.43,0.0143
2018-06-03,1.43,0.0143
2018-06-04,1.43,0.0143
2018-06-05,1.43,0.0143
2018-06-06,1.43,0.0143
2018-06-07,1.43,0.0143
2018-06-08,1.43,0.0143
2018-06-09,1.43,0.0143
2018-06-10,1.43,0.0143
2018-06-11,1.43,0.0143
2018-06-12,1.43,0.0143
2018-06-13,1.43,0.0143
2018-06-14,1.43,0.0143
2018-06-15,1.43,0.0143
2018-06-16,1.43,0.0143
2018-06-17,1.43,0.0143
2018-06-18,1.43,0.0143
2018-06-19,1.43,0.0143
2018-06-20,1.43,0.0143
2018-06-21,1.43,0.0143
2018-06-22,1.43,0.0143
2018-06-23,1.43,0.0143
2018-06-24,1.43,0.0143
2018-06-25,1.43,0.0143
2018-06-26,1.43,0.0143
2018-06-27,1.43,0.0143
2018-06-28,1.43,0.0143
2018-06-29,1.43,0.0143
2018-06-30,1.43,0.0143
2018-07-01,1.62,0.016200000000000003
2018-07-02,1.62,0.016200000000000003
2018-07-03,1.62,0.016200000000000003
2018-07-04,1.62,0.016200000000000003
2018-07-05,1.62,0.016200000000000003
2018-07-06,1.62,0.016200000000000003
2018-07-07,1.62,0.016200000000000003
2018-07-08,1.62,0.016200000000000003
2018-07-09,1.62,0.016200000000000003
2018-07-10,1.62,0.016200000000000003
2018-07-11,1.62,0.016200000000000003
2018-07-12,1.62,0.016200000000000003
2018-07-13,1.62,0.016200000000000003
2018-07-14,1.62,0.016200000000000003
2018-07-15,1.62,0.016200000000000003
2018-07-16,1.62,0.016200000000000003
2018-07-17,1.62,0.016200000000000003
2018-07-18,1.62,0.016200000000000003
2018-07-19,1.62,0.016200000000000003
2018-07-20,1.62,0.016200000000000003
2018-07-21,1.62,0.016200000000000003
2018-07-22,1.62,0.016200000000000003
2018-07-23,1.62,0.016200000000000003
2018-07-24,1.62,0.016200000000000003
2018-07-25,1.62,0.016200000000000003
2018-07-26,1.62,0.016200000000000003
2018-07-27,1.62,0.016200000000000003
2018-07-28,1.62,0.016200000000000003
2018-07-29,1.62,0.016200000000000003
2018-07-30,1.62,0.016200000000000003
2018-07-31,1.62,0.016200000000000003
2018-08-01,1.07,0.010700000000000001
2018-08-02,1.07,0.010700000000000001
2018-08-03,1.07,0.010700000000000001
2018-08-04,1.07,0.010700000000000001
2018-08-05,1.07,0.010700000000000001
2018-08-06,1.07,0.010700000000000001
2018-08-07,1.07,0.010700000000000001
2018-08-08,1.07,0.010700000000000001
2018-08-09,1.07,0.010700000000000001
2018-08-10,1.07,0.010700000000000001
2018-08-11,1.07,0.010700000000000001
2018-08-12,1.07,0.010700000000000001
2018-08-13,1.07,0.010700000000000001
2018-08-14,1.07,0.010700000000000001
2018-08-15,1.07,0.010700000000000001
2018-08-16,1.07,0.010700000000000001
2018-08-17,1.07,0.010700000000000001
2018-08-18,1.07,0.010700000000000001
2018-08-19,1.07,0.010700000000000001
2018-08-20,1.07,0.010700000000000001
2018-08-21,1.07,0.010700000000000001
2018-08-22,1.07,0.010700000000000001
2018-08-23,1.07,0.010700000000000001
2018-08-24,1.07,0.010700000000000001
2018-08-25,1.07,0.010700000000000001
2018-08-26,1.07,0.010700000000000001
2018-08-27,1.07,0.010700000000000001
2018-08-28,1.07,0.010700000000000001
2018-08-29,1.07,0.010700000000000001
2018-08-30,1.07,0.010700000000000001
2018-08-31,1.07,0.010700000000000001
2018-09-01,1.28,0.0128
2018-09-02,1.28,0.0128
2018-09-03,1.28,0.0128
2018-09-04,1.28,0.0128
2018-09-05,1.28,0.0128
2018-09-06,1.28,0.0128
2018-09-07,1.28,0.0128
2018-09-08,1.28,0.0128
2018-09-09,1.28,0.0128
2018-09-10,1.28,0.0128
2018-09-11,1.28,0.0128
2018-09-12,1.28,0.0128
2018-09-13,1.28,0.0128
2018-09-14,1.28,0.0128
2018-09-15,1.28,0.0128
2018-09-16,1.28,0.0128
2018-09-17,1.28,0.0128
2018-09-18,1.28,0.0128
2018-09-19,1.28,0.0128
2018-09-20,1.28,0.0128
2018-09-21,1.28,0.0128
2018-09-22,1.28,0.0128
2018-09-23,1.28,0.0128
2018-09-24,1.28,0.0128
2018-09-25,1.28,0.0128
2018-09-26,1.28,0.0128
2018-09-27,1.28,0.0128
2018-09-28,1.28,0.0128
2018-09-29,1.28,0.0128
2018-09-30,1.28,0.0128
2018-10-01,1.84,0.0184
2018-10-02,1.84,0.0184
2018-10-03,1.84,0.0184
2018-10-04,1.84,0.0184
2018-10-05,1.84,0.0184
2018-10-06,1.84,0.0184
2018-10-07,1.84,0.0184
2018-10-08,1.84,0.0184
2018-10-09,1.84,0.0184
2018-10-10,1.84,0.0184
2018-10-11,1.84,0.0184
2018-10-12,1.84,0.0184
2018-10-13,1.84,0.0184
2018-10-14,1.84,0.0184
2018-10-15,1.84,0.0184
2018-10-16,1.84,0.0184
2018-10-17,1.84,0.0184
2018-10-18,1.84,0.0184
2018-10-19,1.84,0.0184
2018-10-20,1.84,0.0184
2018-10-21,1.84,0.0184
2018-10-22,1.84,0.0184
2018-10-23,1.84,0.0184
2018-10-24,1.84,0.0184
2018-10-25,1.84,0.0184
2018-10-26,1.84,0.0184
2018-10-27,1.84,0.0184
2018-10-28,1.84,0.0184
2018-10-29,1.84,0.0184
2018-10-30,1.84,0.0184
2018-10-31,1.84,0.0184
2018-11-01,2.17,0.0217
2018-11-02,2.17,0.0217
2018-11-03,2.17,0.0217
2018-11-04,2.17,0.0217
2018-11-05,2.17,0.0217
2018-11-06,2.17,0.0217
2018-11-07,2.17,0.0217
2018-11-08,2.17,0.0217
2018-11-09,2.17,0.0217
2018-11-10,2.17,0.0217
2018-11-11,2.17,0.0217
2018-11-12,2.17,0.0217
2018-11-13,2.17,0.0217
2018-11-14,2.17,0.0217
2018-11-15,2.17,0.0217
2018-11-16,2.17,0.0217
2018-11-17,2.17,0.0217
2018-11-18,2.17,0.0217
2018-11-19,2.17,0.0217
2018-11-20,2.17,0.0217
2018-11-21,2.17,0.0217
2018-11-22,2.17,0.0217
2018-11-23,2.17,0.0217
2018-11-24,2.17,0.0217
2018-11-25,2.17,0.0217
2018-11-26,2.17,0.0217
2018-11-27,2.17,0.0217
2018-11-28,2.17,0.0217
2018-11-29,2.17,0.0217
2018-11-30,2.17,0.0217
2018-12-01,2.19,0.0219
2018-12-02,2.19,0.0219
2018-12-03,2.19,0.0219
2018-12-04,2.19,0.0219
2018-12-05,2.19,0.0219
2018-12-06,2.19,0.0219
2018-12-07,2.19,0.0219
2018-12-08,2.19,0.0219
2018-12-09,2.19,0.0219
2018-12-10,2.19,0.0219
2018-12-11,2.19,0.0219
2018-12-12,2.19,0.0219
2018-12-13,2.19,0.0219
2018-12-14,2.19,0.0219
2018-12-15,2.19,0.0219
2018-12-16,2.19,0.0219
2018-12-17,2.19,0.0219
2018-12-18,2.19,0.0219
2018-12-19,2.19,0.0219
2018-12-20,2.19,0.0219
2018-12-21,2.19,0.0219
2018-12-22,2.19,0.0219
2018-12-23,2.19,0.0219
2018-12-24,2.19,0.0219
2018-12-25,2.19,0.0219
2018-12-26,2.19,0.0219
2018-12-27,2.19,0.0219
2018-12-28,2.19,0.0219
2018-12-29,2.19,0.0219
2018-12-30,2.19,0.0219
2018-12-31,2.19,0.0219
2019-01-01,2.13,0.0213
2019-01-02,2.13,0.0213
2019-01-03,2.13,0.0213
2019-01-04,2.13,0.0213
2019-01-05,2.13,0.0213
2019-01-06,2.13,0.0213
2019-01-07,2.13,0.0213
2019-01-08,2.13,0.0213
2019-01-09,2.13,0.0213
2019-01-10,2.13,0.0213
2019-01-11,2.13,0.0213
2019-01-12,2.13,0.0213
2019-01-13,2.13,0.0213
2019-01-14,2.13,0.0213
2019-01-15,2.13,0.0213
2019-01-16,2.13,0.0213
2019-01-17,2.13,0.0213
2019-01-18,2.13,0.0213
2019-01-19,2.13,0.0213
2019-01-20,2.13,0.0213
2019-01-21,2.13,0.0213
2019-01-22,2.13,0.0213
2019-01-23,2.13,0.0213
2019-01-24,2.13,0.0213
2019-01-25,2.13,0.0213
2019-01-26,2.13,0.0213
2019-01-27,2.13,0.0213
2019-01-28,2.13,0.0213
2019-01-29,2.13,0.0213
2019-01-30,2.13,0.0213
2019-01-31,2.13,0.0213
2019-02-01,2.0,0.02
2019-02-02,2.0,0.02
2019-02-03,2.0,0.02
2019-02-04,2.0,0.02
2019-02-05,2.0,0.02
2019-02-06,2.0,0.02
2019-02-07,2.0,0.02
2019-02-08,2.0,0.02
2019-02-09,2.0,0.02
2019-02-10,2.0,0.02
2019-02-11,2.0,0.02
2019-02-12,2.0,0.02
2019-02-13,2.0,0.02
2019-02-14,2.0,0.02
2019-02-15,2.0,0.02
2019-02-16,2.0,0.02
2019-02-17,2.0,0.02
2019-02-18,2.0,0.02
2019-02-19,2.0,0.02
2019-02-20,2.0,0.02
2019-02-21,2.0,0.02
2019-02-22,2.0,0.02
2019-02-23,2.0,0.02
2019-02-24,2.0,0.02
2019-02-25,2.0,0.02
2019-02-26,2.0,0.02
2019-02-27,2.0,0.02
2019-02-28,2.0,0.02
2019-03-01,2.25,0.0225
2019-03-02,2.25,0.0225
2019-03-03,2.25,0.0225
2019-03-04,2.25,0.0225
2019-03-05,2.25,0.0225
2019-03-06,2.25,0.0225
2019-03-07,2.25,0.0225
2019-03-08,2.25,0.0225
2019-03-09,2.25,0.0225
2019-03-10,2.25,0.0225
2019-03-11,2.25,0.0225
2019-03-12,2.25,0.0225
2019-03-13,2.25,0.0225
2019-03-14,2.25,0.0225
2019-03-15,2.25,0.0225
2019-03-16,2.25,0.0225
2019-03-17,2.25,0.0225
2019-03-18,2.25,0.0225
2019-03-19,2.25,0.0225
2019-03-20,2.25,0.0225
2019-03-21,2.25,0.0225
2019-03-22,2.25,0.0225
2019-03-23,2.25,0.0225
2019-03-24,2.25,0.0225
2019-03-25,2.25,0.0225
2019-03-26,2.25,0.0225
2019-03-27,2.25,0.0225
2019-03-28,2.25,0.0225
2019-03-29,2.25,0.0225
2019-03-30,2.25,0.0225
2019-03-31,2.25,0.0225
2019-04-01,2.59,0.0259
2019-04-02,2.59,0.0259
2019-04-03,2.59,0.0259
2019-04-04,2.59,0.0259
2019-04-05,2.59,0.0259
2019-04-06,2.59,0.0259
2019-04-07,2.59,0.0259
2019-04-08,2.59,0.0259
2019-04-09,2.59,0.0259
2019-04-10,2.59,0.0259
2019-04-11,2.59,0.0259
2019-04-12,2.59,0.0259
2019-04-13,2.59,0.0259
2019-04-14,2.59,0.0259
2019-04-15,2.59,0.0259
2019-04-16,2.59,0.0259
2019-04-17,2.59,0.0259
2019-04-18,2.59,0.0259
2019-04-19,2.59,0.0259
2019-04-20,2.59,0.0259
2019-04-21,2.59,0.0259
2019-04-22,2.59,0.0259
2019-04-23,2.59,0.0259
2019-04-24,2.59,0.0259
2019-04-25,2.59,0.0259
2019-04-26,2.59,0.0259
2019-04-27,2.59,0.0259
2019-04-28,2.59,0.0259
2019-04-29,2.59,0.0259
2019-04-30,2.59,0.0259
2019-05-01,2.73,0.0273
2019-05-02,2.73,0.0273
2019-05-03,2.73,0.0273
2019-05-04,2.73,0.0273
2019-05-05,2.73,0.0273
2019-05-06,2.73,0.0273
2019-05-07,2.73,0.0273
2019-05-08,2.73,0.0273
2019-05-09,2.73,0.0273
2019-05-10,2.73,0.0273
2019-05-11,2.73,0.0273
2019-05-12,2.73,0.0273
2019-05-13,2.73,0.0273
2019-05-14,2.73,0.0273
2019-05-15,2.73,0.0273
2019-05-16,2.73,0.0273
2019-05-17,2.73,0.0273
2019-05-18,2.73,0.0273
2019-05-19,2.73,0.0273
2019-05-20,2.73,0.0273
2019-05-21,2.73,0.0273
2019-05-22,2.73,0.0273
2019-05-23,2.73,0.0273
2019-05-24,2.73,0.0273
2019-05-25,2.73,0.0273
2019-05-26,2.73,0.0273
2019-05-27,2.73,0.0273
2019-05-28,2.73,0.0273
2019-05-29,2.73,0.0273
2019-05-30,2.73,0.0273
2019-05-31,2.73,0.0273
2019-06-01,2.29,0.0229
2019-06-02,2.29,0.0229
2019-06-03,2.29,0.0229
2019-06-04,2.29,0.0229
2019-06-05,2.29,0.0229
2019-06-06,2.29,0.0229
2019-06-07,2.29,0.0229
2019-06-08,2.29,0.0229
2019-06-09,2.29,0.0229
2019-06-10,2.29,0.0229
2019-06-11,2.29,0.0229
2019-06-12,2.29,0.0229
2019-06-13,2.29,0.0229
2019-06-14,2.29,0.0229
2019-06-15,2.29,0.0229
2019-06-16,2.29,0.0229
2019-06-17,2.29,0.0229
2019-06-18,2.29,0.0229
2019-06-19,2.29,0.0229
2019-06-20,2.29,0.0229
2019-06-21,2.29,0.0229
2019-06-22,2.29,0.0229
2019-06-23,2.29,0.0229
2019-06-24,2.29,0.0229
2019-06-25,2.29,0.0229
2019-06-26,2.29,0.0229
2019-06-27,2.29,0.0229
2019-06-28,2.29,0.0229
2019-06-29,2.29,0.0229
2019-06-30,2.29,0.0229
2019-07-01,2.11,0.021099999999999997
2019-07-02,2.11,0.021099999999999997
2019-07-03,2.11,0.021099999999999997
2019-07-04,2.11,0.021099999999999997
2019-07-05,2.11,0.021099999999999997
2019-07-06,2.11,0.021099999999999997
2019-07-07,2.11,0.021099999999999997
2019-07-08,2.11,0.021099999999999997
2019-07-09,2.11,0.021099999999999997
2019-07-10,2.11,0.021099999999999997
2019-07-11,2.11,0.021099999999999997
2019-07-12,2.11,0.021099999999999997
2019-07-13,2.11,0.021099999999999997
2019-07-14,2.11,0.021099999999999997
2019-07-15,2.11,0.021099999999999997
2019-07-16,2.11,0.021099999999999997
2019-07-17,2.11,0.021099999999999997
2019-07-18,2.11,0.021099999999999997
2019-07-19,2.11,0.021099999999999997
2019-07-20,2.11,0.021099999999999997
2019-07-21,2.11,0.021099999999999997
2019-07-22,2.11,0.021099999999999997
2019-07-23,2.11,0.021099999999999997
2019-07-24,2.11,0.021099999999999997
2019-07-25,2.11,0.021099999999999997
2019-07-26,2.11,0.021099999999999997
2019-07-27,2.11,0.021099999999999997
2019-07-28,2.11,0.021099999999999997
2019-07-29,2.11,0.021099999999999997
2019-07-30,2.11,0.021099999999999997
2019-07-31,2.11,0.021099999999999997
2019-08-01,2.04,0.0204
2019-08-02,2.04,0.0204
2019-08-03,2.04,0.0204
2019-08-04,2.04,0.0204
2019-08-05,2.04,0.0204
2019-08-06,2.04,0.0204
2019-08-07,2.04,0.0204
2019-08-08,2.04,0.0204
2019-08-09,2.04,0.0204
2019-08-10,2.04,0.0204
2019-08-11,2.04,0.0204
2019-08-12,2.04,0.0204
2019-08-13,2.04,0.0204
2019-08-14,2.04,0.0204
2019-08-15,2.04,0.0204
2019-08-16,2.04,0.0204
2019-08-17,2.04,0.0204
2019-08-18,2.04,0.0204
2019-08-19,2.04,0.0204
2019-08-20,2.04,0.0204
2019-08-21,2.04,0.0204
2019-08-22,2.04,0.0204
2019-08-23,2.04,0.0204
2019-08-24,2.04,0.0204
2019-08-25,2.04,0.0204
2019-08-26,2.04,0.0204
2019-08-27,2.04,0.0204
2019-08-28,2.04,0.0204
2019-08-29,2.04,0.0204
2019-08-30,2.04,0.0204
2019-08-31,2.04,0.0204
2019-09-01,1.85,0.018500000000000003
2019-09-02,1.85,0.018500000000000003
2019-09-03,1.85,0.018500000000000003
2019-09-04,1.85,0.018500000000000003
2019-09-05,1.85,0.018500000000000003
2019-09-06,1.85,0.018500000000000003
2019-09-07,1.85,0.018500000000000003
2019-09-08,1.85,0.018500000000000003
2019-09-09,1.85,0.018500000000000003
2019-09-10,1.85,0.018500000000000003
2019-09-11,1.85,0.018500000000000003
2019-09-12,1.85,0.018500000000000003
2019-09-13,1.85,0.018500000000000003
2019-09-14,1.85,0.018500000000000003
2019-09-15,1.85,0.018500000000000003
2019-09-16,1.85,0.018500000000000003
2019-09-17,1.85,0.018500000000000003
2019-09-18,1.85,0.018500000000000003
2019-09-19,1.85,0.018500000000000003
2019-09-20,1.85,0.018500000000000003
2019-09-21,1.85,0.018500000000000003
2019-09-22,1.85,0.018500000000000003
2019-09-23,1.85,0.018500000000000003
2019-09-24,1.85,0.018500000000000003
2019-09-25,1.85,0.018500000000000003
2019-09-26,1.85,0.018500000000000003
2019-09-27,1.85,0.018500000000000003
2019-09-28,1.85,0.018500000000000003
2019-09-29,1.85,0.018500000000000003
2019-09-30,1.85,0.018500000000000003
2019-10-01,1.88,0.018799999999999997
2019-10-02,1.88,0.018799999999999997
2019-10-03,1.88,0.018799999999999997
2019-10-04,1.88,0.018799999999999997
2019-10-05,1.88,0.018799999999999997
2019-10-06,1.88,0.018799999999999997
2019-10-07,1.88,0.018799999999999997
2019-10-08,1.88,0.018799999999999997
2019-10-09,1.88,0.018799999999999997
2019-10-10,1.88,0.018799999999999997
2019-10-11,1.88,0.018799999999999997
2019-10-12,1.88,0.018799999999999997
2019-10-13,1.88,0.018799999999999997
2019-10-14,1.88,0.018799999999999997
2019-10-15,1.88,0.018799999999999997
2019-10-16,1.88,0.018799999999999997
2019-10-17,1.88,0.018799999999999997
2019-10-18,1.88,0.018799999999999997
2019-10-19,1.88,0.018799999999999997
2019-10-20,1.88,0.018799999999999997
2019-10-21,1.88,0.018799999999999997
2019-10-22,1.88,0.018799999999999997
2019-10-23,1.88,0.018799999999999997
2019-10-24,1.88,0.018799999999999997
2019-10-25,1.88,0.018799999999999997
2019-10-26,1.88,0.018799999999999997
2019-10-27,1.88,0.018799999999999997
2019-10-28,1.88,0.018799999999999997
2019-10-29,1.88,0.018799999999999997
2019-10-30,1.88,0.018799999999999997
2019-10-31,1.88,0.018799999999999997
2019-11-01,1.87,0.0187
2019-11-02,1.87,0.0187
2019-11-03,1.87,0.0187
2019-11-04,1.87,0.0187
2019-11-05,1.87,0.0187
2019-11-06,1.87,0.0187
2019-11-07,1.87,0.0187
2019-11-08,1.87,0.0187
2019-11-09,1.87,0.0187
2019-11-10,1.87,0.0187
2019-11-11,1.87,0.0187
2019-11-12,1.87,0.0187
2019-11-13,1.87,0.0187
2019-11-14,1.87,0.0187
2019-11-15,1.87,0.0187
2019-11-16,1.87,0.0187
2019-11-17,1.87,0.0187
2019-11-18,1.87,0.0187
2019-11-19,1.87,0.0187
2019-11-20,1.87,0.0187
2019-11-21,1.87,0.0187
2019-11-22,1.87,0.0187
2019-11-23,1.87,0.0187
2019-11-24,1.87,0.0187
2019-11-25,1.87,0.0187
2019-11-26,1.87,0.0187
2019-11-27,1.87,0.0187
2019-11-28,1.87,0.0187
2019-11-29,1.87,0.0187
2019-11-30,1.87,0.0187
2019-12-01,1.9,0.019
2019-12-02,1.9,0.019
2019-12-03,1.9,0.019
2019-12-04,1.9,0.019
2019-12-05,1.9,0.019
2019-12-06,1.9,0.019
2019-12-07,1.9,0.019
2019-12-08,1.9,0.019
2019-12-09,1.9,0.019
2019-12-10,1.9,0.019
2019-12-11,1.9,0.019
2019-12-12,1.9,0.019
2019-12-13,1.9,0.019
2019-12-14,1.9,0.019
2019-12-15,1.9,0.019
2019-12-16,1.9,0.019
2019-12-17,1.9,0.019
2019-12-18,1.9,0.019
2019-12-19,1.9,0.019
2019-12-20,1.9,0.019
2019-12-21,1.9,0.019
2019-12-22,1.9,0.019
2019-12-23,1.9,0.019
2019-12-24,1.9,0.019
2019-12-25,1.9,0.019
2019-12-26,1.9,0.019
2019-12-27,1.9,0.019
2019-12-28,1.9,0.019
2019-12-29,1.9,0.019
2019-12-30,1.9,0.019
2019-12-31,1.9,0.019
2020-01-01,1.89,0.0189
2020-01-02,1.89,0.0189
2020-01-03,1.89,0.0189
2020-01-04,1.89,0.0189
2020-01-05,1.89,0.0189
2020-01-06,1.89,0.0189
2020-01-07,1.89,0.0189
2020-01-08,1.89,0.0189
2020-01-09,1.89,0.0189
2020-01-10,1.89,0.0189
2020-01-11,1.89,0.0189
2020-01-12,1.89,0.0189
2020-01-13,1.89,0.0189
2020-01-14,1.89,0.0189
2020-01-15,1.89,0.0189
2020-01-16,1.89,0.0189
2020-01-17,1.89,0.0189
2020-01-18,1.89,0.0189
2020-01-19,1.89,0.0189
2020-01-20,1.89,0.0189
2020-01-21,1.89,0.0189
2020-01-22,1.89,0.0189
2020-01-23,1.89,0.0189
2020-01-24,1.89,0.0189
2020-01-25,1.89,0.0189
2020-01-26,1.89,0.0189
2020-01-27,1.89,0.0189
2020-01-28,1.89,0.0189
2020-01-29,1.89,0.0189
2020-01-30,1.89,0.0189
2020-01-31,1.89,0.0189
2020-02-01,1.9,0.019
2020-02-02,1.9,0.019
2020-02-03,1.9,0.019
2020-02-04,1.9,0.019
2020-02-05,1.9,0.019
2020-02-06,1.9,0.019
2020-02-07,1.9,0.019
2020-02-08,1.9,0.019
2020-02-09,1.9,0.019
2020-02-10,1.9,0.019
2020-02-11,1.9,0.019
2020-02-12,1.9,0.019
2020-02-13,1.9,0.019
2020-02-14,1.9,0.019
2020-02-15,1.9,0.019
2020-02-16,1.9,0.019
2020-02-17,1.9,0.019
2020-02-18,1.9,0.019
2020-02-19,1.9,0.019
2020-02-20,1.9,0.019
2020-02-21,1.9,0.019
2020-02-22,1.9,0.019
2020-02-23,1.9,0.019
2020-02-24,1.9,0.019
2020-02-25,1.9,0.019
2020-02-26,1.9,0.019
2020-02-27,1.9,0.019
2020-02-28,1.9,0.019
2020-02-29,1.9,0.019
2020-03-01,1.82,0.0182
2020-03-02,1.82,0.0182
2020-03-03,1.82,0.0182
2020-03-04,1.82,0.0182
2020-03-05,1.82,0.0182
2020-03-06,1.82,0.0182
2020-03-07,1.82,0.0182
2020-03-08,1.82,0.0182
2020-03-09,1.82,0.0182
2020-03-10,1.82,0.0182
2020-03-11,1.82,0.0182
2020-03-12,1.82,0.0182
2020-03-13,1.82,0.0182
2020-03-14,1.82,0.0182
2020-03-15,1.82,0.0182
2020-03-16,1.82,0.0182
2020-03-17,1.82,0.0182
2020-03-18,1.82,0.0182
2020-03-19,1.82,0.0182
2020-03-20,1.82,0.0182
2020-03-21,1.82,0.0182
2020-03-22,1.82,0.0182
2020-03-23,1.82,0.0182
2020-03-24,1.82,0.0182
2020-03-25,1.82,0.0182
2020-03-26,1.82,0.0182
2020-03-27,1.82,0.0182
2020-03-28,1.82,0.0182
2020-03-29,1.82,0.0182
2020-03-30,1.82,0.0182
2020-03-31,1.82,0.0182
2020-04-01,1.72,0.0172
2020-04-02,1.72,0.0172
2020-04-03,1.72,0.0172
2020-04-04,1.72,0.0172
2020-04-05,1.72,0.0172
2020-04-06,1.72,0.0172
2020-04-07,1.72,0.0172
2020-04-08,1.72,0.0172
2020-04-09,1.72,0.0172
2020-04-10,1.72,0.0172
2020-04-11,1.72,0.0172
2020-04-12,1.72,0.0172
2020-04-13,1.72,0.0172
2020-04-14,1.72,0.0172
2020-04-15,1.72,0.0172
2020-04-16,1.72,0.0172
2020-04-17,1.72,0.0172
2020-04-18,1.72,0.0172
2020-04-19,1.72,0.0172
2020-04-20,1.72,0.0172
2020-04-21,1.72,0.0172
2020-04-22,1.72,0.0172
2020-04-23,1.72,0.0172
2020-04-24,1.72,0.0172
2020-04-25,1.72,0.0172
2020-04-26,1.72,0.0172
2020-04-27,1.72,0.0172
2020-04-28,1.72,0.0172
2020-04-29,1.72,0.0172
2020-04-30,1.72,0.0172
2020-05-01,1.78,0.0178
2020-05-02,1.78,0.0178
2020-05-03,1.78,0.0178
2020-05-04,1.78,0.0178
2020-05-05,1.78,0.0178
2020-05-06,1.78,0.0178
2020-05-07,1.78,0.0178
2020-05-08,1.78,0.0178
2020-05-09,1.78,0.0178
2020-05-10,1.78,0.0178
2020-05-11,1.78,0.0178
2020-05-12,1.78,0.0178
2020-05-13,1.78,0.0178
2020-05-14,1.78,0.0178
2020-05-15,1.78,0.0178
2020-05-16,1.78,0.0178
2020-05-17,1.78,0.0178
2020-05-18,1.78,0.0178
2020-05-19,1.78,0.0178
2020-05-20,1.78,0.0178
2020-05-21,1.78,0.0178
2020-05-22,1.78,0.0178
2020-05-23,1.78,0.0178
2020-05-24,1.78,0.0178
2020-05-25,1.78,0.0178
2020-05-26,1.78,0.0178
2020-05-27,1.78,0.0178
2020-05-28,1.78,0.0178
2020-05-29,1.78,0.0178
2020-05-30,1.78,0.0178
2020-05-31,1.78,0.0178
2020-06-01,1.6,0.016
2020-06-02,1.6,0.016
2020-06-03,1.6,0.016
2020-06-04,1.6,0.016
2020-06-05,1.6,0.016
2020-06-06,1.6,0.016
2020-06-07,1.6,0.016
2020-06-08,1.6,0.016
2020-06-09,1.6,0.016
2020-06-10,1.6,0.016
2020-06-11,1.6,0.016
2020-06-12,1.6,0.016
2020-06-13,1.6,0.016
2020-06-14,1.6,0.016
2020-06-15,1.6,0.016
2020-06-16,1.6,0.016
2020-06-17,1.6,0.016
2020-06-18,1.6,0.016
2020-06-19,1.6,0.016
2020-06-20,1.6,0.016
2020-06-21,1.6,0.016
2020-06-22,1.6,0.016
2020-06-23,1.6,0.016
2020-06-24,1.6,0.016
2020-06-25,1.6,0.016
2020-06-26,1.6,0.016
2020-06-27,1.6,0.016
2020-06-28,1.6,0.016
2020-06-29,1.6,0.016
2020-06-30,1.6,0.016
2020-07-01,1.86,0.018600000000000002
2020-07-02,1.86,0.018600000000000002
2020-07-03,1.86,0.018600000000000002
2020-07-04,1.86,0.018600000000000002
2020-07-05,1.86,0.018600000000000002
2020-07-06,1.86,0.018600000000000002
2020-07-07,1.86,0.018600000000000002
2020-07-08,1.86,0.018600000000000002
2020-07-09,1.86,0.018600000000000002
2020-07-10,1.86,0.018600000000000002
2020-07-11,1.86,0.018600000000000002
2020-07-12,1.86,0.018600000000000002
2020-07-13,1.86,0.018600000000000002
2020-07-14,1.86,0.018600000000000002
2020-07-15,1.86,0.018600000000000002
2020-07-16,1.86,0.018600000000000002
2020-07-17,1.86,0.018600000000000002
2020-07-18,1.86,0.018600000000000002
2020-07-19,1.86,0.018600000000000002
2020-07-20,1.86,0.018600000000000002
2020-07-21,1.86,0.018600000000000002
2020-07-22,1.86,0.018600000000000002
2020-07-23,1.86,0.018600000000000002
2020-07-24,1.86,0.018600000000000002
2020-07-25,1.86,0.018600000000000002
2020-07-26,1.86,0.018600000000000002
2020-07-27,1.86,0.018600000000000002
2020-07-28,1.86,0.018600000000000002
2020-07-29,1.86,0.018600000000000002
2020-07-30,1.86,0.018600000000000002
2020-07-31,1.86,0.018600000000000002
2020-08-01,1.69,0.0169
2020-08-02,1.69,0.0169
2020-08-03,1.69,0.0169
2020-08-04,1.69,0.0169
2020-08-05,1.69,0.0169
2020-08-06,1.69,0.0169
2020-08-07,1.69,0.0169
2020-08-08,1.69,0.0169
2020-08-09,1.69,0.0169
2020-08-10,1.69,0.0169
2020-08-11,1.69,0.0169
2020-08-12,1.69,0.0169
2020-08-13,1.69,0.0169
2020-08-14,1.69,0.0169
2020-08-15,1.69,0.0169
2020-08-16,1.69,0.0169
2020-08-17,1.69,0.0169
2020-08-18,1.69,0.0169
2020-08-19,1.69,0.0169
2020-08-20,1.69,0.0169
2020-08-21,1.69,0.0169
2020-08-22,1.69,0.0169
2020-08-23,1.69,0.0169
2020-08-24,1.69,0.0169
2020-08-25,1.69,0.0169
2020-08-26,1.69,0.0169
2020-08-27,1.69,0.0169
2020-08-28,1.69,0.0169
2020-08-29,1.69,0.0169
2020-08-30,1.69,0.0169
2020-08-31,1.69,0.0169
2020-09-01,1.82,0.0182
2020-09-02,1.82,0.0182
2020-09-03,1.82,0.0182
2020-09-04,1.82,0.0182
2020-09-05,1.82,0.0182
2020-09-06,1.82,0.0182
2020-09-07,1.82,0.0182
2020-09-08,1.82,0.0182
2020-09-09,1.82,0.0182
2020-09-10,1.82,0.0182
2020-09-11,1.82,0.0182
2020-09-12,1.82,0.0182
2020-09-13,1.82,0.0182
2020-09-14,1.82,0.0182
2020-09-15,1.82,0.0182
2020-09-16,1.82,0.0182
2020-09-17,1.82,0.0182
2020-09-18,1.82,0.0182
2020-09-19,1.82,0.0182
2020-09-20,1.82,0.0182
2020-09-21,1.82,0.0182
2020-09-22,1.82,0.0182
2020-09-23,1.82,0.0182
2020-09-24,1.82,0.0182
2020-09-25,1.82,0.0182
2020-09-26,1.82,0.0182
2020-09-27,1.82,0.0182
2020-09-28,1.82,0.0182
2020-09-29,1.82,0.0182
2020-09-30,1.82,0.0182
2020-10-01,1.72,0.0172
2020-10-02,1.72,0.0172
2020-10-03,1.72,0.0172
2020-10-04,1.72,0.0172
2020-10-05,1.72,0.0172
2020-10-06,1.72,0.0172
2020-10-07,1.72,0.0172
2020-10-08,1.72,0.0172
2020-10-09,1.72,0.0172
2020-10-10,1.72,0.0172
2020-10-11,1.72,0.0172
2020-10-12,1.72,0.0172
2020-10-13,1.72,0.0172
2020-10-14,1.72,0.0172
2020-10-15,1.72,0.0172
2020-10-16,1.72,0.0172
2020-10-17,1.72,0.0172
2020-10-18,1.72,0.0172
2020-10-19,1.72,0.0172
2020-10-20,1.72,0.0172
2020-10-21,1.72,0.0172
2020-10-22,1.72,0.0172
2020-10-23,1.72,0.0172
2020-10-24,1.72,0.0172
2020-10-25,1.72,0.0172
2020-10-26,1.72,0.0172
2020-10-27,1.72,0.0172
2020-10-28,1.72,0.0172
2020-10-29,1.72,0.0172
2020-10-30,1.72,0.0172
2020-10-31,1.72,0.0172
2020-11-01,2.14,0.021400000000000002
2020-11-02,2.14,0.021400000000000002
2020-11-03,2.14,0.021400000000000002
2020-11-04,2.14,0.021400000000000002
2020-11-05,2.14,0.021400000000000002
2020-11-06,2.14,0.021400000000000002
2020-11-07,2.14,0.021400000000000002
2020-11-08,2.14,0.021400000000000002
2020-11-09,2.14,0.021400000000000002
2020-11-10,2.14,0.021400000000000002
2020-11-11,2.14,0.021400000000000002
2020-11-12,2.14,0.021400000000000002
2020-11-13,2.14,0.021400000000000002
2020-11-14,2.14,0.021400000000000002
2020-11-15,2.14,0.021400000000000002
2020-11-16,2.14,0.021400000000000002
2020-11-17,2.14,0.021400000000000002
2020-11-18,2.14,0.021400000000000002
2020-11-19,2.14,0.021400000000000002
2020-11-20,2.14,0.021400000000000002
2020-11-21,2.14,0.021400000000000002
2020-11-22,2.14,0.021400000000000002
2020-11-23,2.14,0.021400000000000002
2020-11-24,2.14,0.021400000000000002
2020-11-25,2.14,0.021400000000000002
2020-11-26,2.14,0.021400000000000002
2020-11-27,2.14,0.021400000000000002
2020-11-28,2.14,0.021400000000000002
2020-11-29,2.14,0.021400000000000002
2020-11-30,2.14,0.021400000000000002
2020-12-01,1.97,0.0197
2020-12-02,1.97,0.0197
2020-12-03,1.97,0.0197
2020-12-04,1.97,0.0197
2020-12-05,1.97,0.0197
2020-12-06,1.97,0.0197
2020-12-07,1.97,0.0197
2020-12-08,1.97,0.0197
2020-12-09,1.97,0.0197
2020-12-10,1.97,0.0197
2020-12-11,1.97,0.0197
2020-12-12,1.97,0.0197
2020-12-13,1.97,0.0197
2020-12-14,1.97,0.0197
2020-12-15,1.97,0.0197
2020-12-16,1.97,0.0197
2020-12-17,1.97,0.0197
2020-12-18,1.97,0.0197
2020-12-19,1.97,0.0197
2020-12-20,1.97,0.0197
2020-12-21,1.97,0.0197
2020-12-22,1.97,0.0197
2020-12-23,1.97,0.0197
2020-12-24,1.97,0.0197
2020-12-25,1.97,0.0197
2020-12-26,1.97,0.0197
2020-12-27,1.97,0.0197
2020-12-28,1.97,0.0197
2020-12-29,1.97,0.0197
2020-12-30,1.97,0.0197
2020-12-31,1.97,0.0197
2021-01-01,2.68,0.0268
2021-01-02,2.68,0.0268
2021-01-03,2.68,0.0268
2021-01-04,2.68,0.0268
2021-01-05,2.68,0.0268
2021-01-06,2.68,0.0268
2021-01-07,2.68,0.0268
2021-01-08,2.68,0.0268
2021-01-09,2.68,0.0268
2021-01-10,2.68,0.0268
2021-01-11,2.68,0.0268
2021-01-12,2.68,0.0268
2021-01-13,2.68,0.0268
2021-01-14,2.68,0.0268
2021-01-15,2.68,0.0268
2021-01-16,2.68,0.0268
2021-01-17,2.68,0.0268
2021-01-18,2.68,0.0268
2021-01-19,2.68,0.0268
2021-01-20,2.68,0.0268
2021-01-21,2.68,0.0268
2021-01-22,2.68,0.0268
2021-01-23,2.68,0.0268
2021-01-24,2.68,0.0268
2021-01-25,2.68,0.0268
2021-01-26,2.68,0.0268
2021-01-27,2.68,0.0268
2021-01-28,2.68,0.0268
2021-01-29,2.68,0.0268
2021-01-30,2.68,0.0268
2021-01-31,2.68,0.0268
2021-02-01,2.4,0.024
2021-02-02,2.4,0.024
2021-02-03,2.4,0.024
2021-02-04,2.4,0.024
2021-02-05,2.4,0.024
2021-02-06,2.4,0.024
2021-02-07,2.4,0.024
2021-02-08,2.4,0.024
2021-02-09,2.4,0.024
2021-02-10,2.4,0.024
2021-02-11,2.4,0.024
2021-02-12,2.4,0.024
2021-02-13,2.4,0.024
2021-02-14,2.4,0.024
2021-02-15,2.4,0.024
2021-02-16,2.4,0.024
2021-02-17,2.4,0.024
2021-02-18,2.4,0.024
2021-02-19,2.4,0.024
2021-02-20,2.4,0.024
2021-02-21,2.4,0.024
2021-02-22,2.4,0.024
2021-02-23,2.4,0.024
2021-02-24,2.4,0.024
2021-02-25,2.4,0.024
2021-02-26,2.4,0.024
2021-02-27,2.4,0.024
2021-02-28,2.4,0.024
2021-03-01,2.6,0.026000000000000002
2021-03-02,2.6,0.026000000000000002
2021-03-03,2.6,0.026000000000000002
2021-03-04,2.6,0.026000000000000002
2021-03-05,2.6,0.026000000000000002
2021-03-06,2.6,0.026000000000000002
2021-03-07,2.6,0.026000000000000002
2021-03-08,2.6,0.026000000000000002
2021-03-09,2.6,0.026000000000000002
2021-03-10,2.6,0.026000000000000002
2021-03-11,2.6,0.026000000000000002
2021-03-12,2.6,0.026000000000000002
2021-03-13,2.6,0.026000000000000002
2021-03-14,2.6,0.026000000000000002
2021-03-15,2.6,0.026000000000000002
2021-03-16,2.6,0.026000000000000002
2021-03-17,2.6,0.026000000000000002
2021-03-18,2.6,0.026000000000000002
2021-03-19,2.6,0.026000000000000002
2021-03-20,2.6,0.026000000000000002
2021-03-21,2.6,0.026000000000000002
2021-03-22,2.6,0.026000000000000002
2021-03-23,2.6,0.026000000000000002
2021-03-24,2.6,0.026000000000000002
2021-03-25,2.6,0.026000000000000002
2021-03-26,2.6,0.026000000000000002
2021-03-27,2.6,0.026000000000000002
2021-03-28,2.6,0.026000000000000002
2021-03-29,2.6,0.026000000000000002
2021-03-30,2.6,0.026000000000000002
2021-03-31,2.6,0.026000000000000002
2021-04-01,2.38,0.023799999999999998
2021-04-02,2.38,0.023799999999999998
2021-04-03,2.38,0.023799999999999998
2021-04-04,2.38,0.023799999999999998
2021-04-05,2.38,0.023799999999999998
2021-04-06,2.38,0.023799999999999998
2021-04-07,2.38,0.023799999999999998
2021-04-08,2.38,0.023799999999999998
2021-04-09,2.38,0.023799999999999998
2021-04-10,2.38,0.023799999999999998
2021-04-11,2.38,0.023799999999999998
2021-04-12,2.38,0.023799999999999998
2021-04-13,2.38,0.023799999999999998
2021-04-14,2.38,0.023799999999999998
2021-04-15,2.38,0.023799999999999998
2021-04-16,2.38,0.023799999999999998
2021-04-17,2.38,0.023799999999999998
2021-04-18,2.38,0.023799999999999998
2021-04-19,2.38,0.023799999999999998
2021-04-20,2.38,0.023799999999999998
2021-04-21,2.38,0.023799999999999998
2021-04-22,2.38,0.023799999999999998
2021-04-23,2.38,0.023799999999999998
2021-04-24,2.38,0.023799999999999998
2021-04-25,2.38,0.023799999999999998
2021-04-26,2.38,0.023799999999999998
2021-04-27,2.38,0.023799999999999998
2021-04-28,2.38,0.023799999999999998
2021-04-29,2.38,0.023799999999999998
2021-04-30,2.38,0.023799999999999998
2021-05-01,2.45,0.0245
2021-05-02,2.45,0.0245
2021-05-03,2.45,0.0245
2021-05-04,2.45,0.0245
2021-05-05,2.45,0.0245
2021-05-06,2.45,0.0245
2021-05-07,2.45,0.0245
2021-05-08,2.45,0.0245
2021-05-09,2.45,0.0245
2021-05-10,2.45,0.0245
2021-05-11,2.45,0.0245
2021-05-12,2.45,0.0245
2021-05-13,2.45,0.0245
2021-05-14,2.45,0.0245
2021-05-15,2.45,0.0245
2021-05-16,2.45,0.0245
2021-05-17,2.45,0.0245
2021-05-18,2.45,0.0245
2021-05-19,2.45,0.0245
2021-05-20,2.45,0.0245
2021-05-21,2.45,0.0245
2021-05-22,2.45,0.0245
2021-05-23,2.45,0.0245
2021-05-24,2.45,0.0245
2021-05-25,2.45,0.0245
2021-05-26,2.45,0.0245
2021-05-27,2.45,0.0245
2021-05-28,2.45,0.0245
2021-05-29,2.45,0.0245
2021-05-30,2.45,0.0245
2021-05-31,2.45,0.0245
2021-06-01,3.25,0.0325
2021-06-02,3.25,0.0325
2021-06-03,3.25,0.0325
2021-06-04,3.25,0.0325
2021-06-05,3.25,0.0325
2021-06-06,3.25,0.0325
2021-06-07,3.25,0.0325
2021-06-08,3.25,0.0325
2021-06-09,3.25,0.0325
2021-06-10,3.25,0.0325
2021-06-11,3.25,0.0325
2021-06-12,3.25,0.0325
2021-06-13,3.25,0.0325
2021-06-14,3.25,0.0325
2021-06-15,3.25,0.0325
2021-06-16,3.25,0.0325
2021-06-17,3.25,0.0325
2021-06-18,3.25,0.0325
2021-06-19,3.25,0.0325
2021-06-20,3.25,0.0325
2021-06-21,3.25,0.0325
2021-06-22,3.25,0.0325
2021-06-23,3.25,0.0325
2021-06-24,3.25,0.0325
2021-06-25,3.25,0.0325
2021-06-26,3.25,0.0325
2021-06-27,3.25,0.0325
2021-06-28,3.25,0.0325
2021-06-29,3.25,0.0325
2021-06-30,3.25,0.0325
2021-07-01,3.81,0.0381
2021-07-02,3.81,0.0381
2021-07-03,3.81,0.0381
2021-07-04,3.81,0.0381
2021-07-05,3.81,0.0381
2021-07-06,3.81,0.0381
2021-07-07,3.81,0.0381
2021-07-08,3.81,0.0381
2021-07-09,3.81,0.0381
2021-07-10,3.81,0.0381
2021-07-11,3.81,0.0381
2021-07-12,3.81,0.0381
2021-07-13,3.81,0.0381
2021-07-14,3.81,0.0381
2021-07-15,3.81,0.0381
2021-07-16,3.81,0.0381
2021-07-17,3.81,0.0381
2021-07-18,3.81,0.0381
2021-07-19,3.81,0.0381
2021-07-20,3.81,0.0381
2021-07-21,3.81,0.0381
2021-07-22,3.81,0.0381
2021-07-23,3.81,0.0381
2021-07-24,3.81,0.0381
2021-07-25,3.81,0.0381
2021-07-26,3.81,0.0381
2021-07-27,3.81,0.0381
2021-07-28,3.81,0.0381
2021-07-29,3.81,0.0381
2021-07-30,3.81,0.0381
2021-07-31,3.81,0.0381
2021-08-01,4.95,0.0495
2021-08-02,4.95,0.0495
2021-08-03,4.95,0.0495
2021-08-04,4.95,0.0495
2021-08-05,4.95,0.0495
2021-08-06,4.95,0.0495
2021-08-07,4.95,0.0495
2021-08-08,4.95,0.0495
2021-08-09,4.95,0.0495
2021-08-10,4.95,0.0495
2021-08-11,4.95,0.0495
2021-08-12,4.95,0.0495
2021-08-13,4.95,0.0495
2021-08-14,4.95,0.0495
2021-08-15,4.95,0.0495
2021-08-16,4.95,0.0495
2021-08-17,4.95,0.0495
2021-08-18,4.95,0.0495
2021-08-19,4.95,0.0495
2021-08-20,4.95,0.0495
2021-08-21,4.95,0.0495
2021-08-22,4.95,0.0495
2021-08-23,4.95,0.0495
2021-08-24,4.95,0.0495
2021-08-25,4.95,0.0495
2021-08-26,4.95,0.0495
2021-08-27,4.95,0.0495
2021-08-28,4.95,0.0495
2021-08-29,4.95,0.0495
2021-08-30,4.95,0.0495
2021-08-31,4.95,0.0495
2021-09-01,5.23,0.052300000000000006
2021-09-02,5.23,0.052300000000000006
2021-09-03,5.23,0.052300000000000006
2021-09-04,5.23,0.052300000000000006
2021-09-05,5.23,0.052300000000000006
2021-09-06,5.23,0.052300000000000006
2021-09-07,5.23,0.052300000000000006
2021-09-08,5.23,0.052300000000000006
2021-09-09,5.23,0.052300000000000006
2021-09-10,5.23,0.052300000000000006
2021-09-11,5.23,0.052300000000000006
2021-09-12,5.23,0.052300000000000006
2021-09-13,5.23,0.052300000000000006
2021-09-14,5.23,0.052300000000000006
2021-09-15,5.23,0.052300000000000006
2021-09-16,5.23,0.052300000000000006
2021-09-17,5.23,0.052300000000000006
2021-09-18,5.23,0.052300000000000006
2021-09-19,5.23,0.052300000000000006
2021-09-20,5.23,0.052300000000000006
2021-09-21,5.23,0.052300000000000006
2021-09-22,5.23,0.052300000000000006
2021-09-23,5.23,0.052300000000000006
2021-09-24,5.23,0.052300000000000006
2021-09-25,5.23,0.052300000000000006
2021-09-26,5.23,0.052300000000000006
2021-09-27,5.23,0.052300000000000006
2021-09-28,5.23,0.052300000000000006
2021-09-29,5.23,0.052300000000000006
2021-09-30,5.23,0.052300000000000006
2021-10-01,5.83,0.0583
2021-10-02,5.83,0.0583
2021-10-03,5.83,0.0583
2021-10-04,5.83,0.0583
2021-10-05,5.83,0.0583
2021-10-06,5.83,0.0583
2021-10-07,5.83,0.0583
2021-10-08,5.83,0.0583
2021-10-09,5.83,0.0583
2021-10-10,5.83,0.0583
2021-10-11,5.83,0.0583
2021-10-12,5.83,0.0583
2021-10-13,5.83,0.0583
2021-10-14,5.83,0.0583
2021-10-15,5.83,0.0583
2021-10-16,5.83,0.0583
2021-10-17,5.83,0.0583
2021-10-18,5.83,0.0583
2021-10-19,5.83,0.0583
2021-10-20,5.83,0.0583
2021-10-21,5.83,0.0583
2021-10-22,5.83,0.0583
2021-10-23,5.83,0.0583
2021-10-24,5.83,0.0583
2021-10-25,5.83,0.0583
2021-10-26,5.83,0.0583
2021-10-27,5.83,0.0583
2021-10-28,5.83,0.0583
2021-10-29,5.83,0.0583
2021-10-30,5.83,0.0583
2021-10-31,5.83,0.0583
2021-11-01,5.66,0.056600000000000004
2021-11-02,5.66,0.056600000000000004
2021-11-03,5.66,0.056600000000000004
2021-11-04,5.66,0.056600000000000004
2021-11-05,5.66,0.056600000000000004
2021-11-06,5.66,0.056600000000000004
2021-11-07,5.66,0.056600000000000004
2021-11-08,5.66,0.056600000000000004
2021-11-09,5.66,0.056600000000000004
2021-11-10,5.66,0.056600000000000004
2021-11-11,5.66,0.056600000000000004
2021-11-12,5.66,0.056600000000000004
2021-11-13,5.66,0.056600000000000004
2021-11-14,5.66,0.056600000000000004
2021-11-15,5.66,0.056600000000000004
2021-11-16,5.66,0.056600000000000004
2021-11-17,5.66,0.056600000000000004
2021-11-18,5.66,0.056600000000000004
2021-11-19,5.66,0.056600000000000004
2021-11-20,5.66,0.056600000000000004
2021-11-21,5.66,0.056600000000000004
2021-11-22,5.66,0.056600000000000004
2021-11-23,5.66,0.056600000000000004
2021-11-24,5.66,0.056600000000000004
2021-11-25,5.66,0.056600000000000004
2021-11-26,5.66,0.056600000000000004
2021-11-27,5.66,0.056600000000000004
2021-11-28,5.66,0.056600000000000004
2021-11-29,5.66,0.056600000000000004
2021-11-30,5.66,0.056600000000000004
2021-12-01,6.43,0.0643
2021-12-02,6.43,0.0643
2021-12-03,6.43,0.0643
2021-12-04,6.43,0.0643
2021-12-05,6.43,0.0643
2021-12-06,6.43,0.0643
2021-12-07,6.43,0.0643
2021-12-08,6.43,0.0643
2021-12-09,6.43,0.0643
2021-12-10,6.43,0.0643
2021-12-11,6.43,0.0643
2021-12-12,6.43,0.0643
2021-12-13,6.43,0.0643
2021-12-14,6.43,0.0643
2021-12-15,6.43,0.0643
2021-12-16,6.43,0.0643
2021-12-17,6.43,0.0643
2021-12-18,6.43,0.0643
2021-12-19,6.43,0.0643
2021-12-20,6.43,0.0643
2021-12-21,6.43,0.0643
2021-12-22,6.43,0.0643
2021-12-23,6.43,0.0643
2021-12-24,6.43,0.0643
2021-12-25,6.43,0.0643
2021-12-26,6.43,0.0643
2021-12-27,6.43,0.0643
2021-12-28,6.43,0.0643
2021-12-29,6.43,0.0643
2021-12-30,6.43,0.0643
2021-12-31,6.43,0.0643
2022-01-01,5.68,0.056799999999999996
2022-01-02,5.68,0.056799999999999996
2022-01-03,5.68,0.056799999999999996
2022-01-04,5.68,0.056799999999999996
2022-01-05,5.68,0.056799999999999996
2022-01-06,5.68,0.056799999999999996
2022-01-07,5.68,0.056799999999999996
2022-01-08,5.68,0.056799999999999996
2022-01-09,5.68,0.056799999999999996
2022-01-10,5.68,0.056799999999999996
2022-01-11,5.68,0.056799999999999996
2022-01-12,5.68,0.056799999999999996
2022-01-13,5.68,0.056799999999999996
2022-01-14,5.68,0.056799999999999996
2022-01-15,5.68,0.056799999999999996
2022-01-16,5.68,0.056799999999999996
2022-01-17,5.68,0.056799999999999996
2022-01-18,5.68,0.056799999999999996
2022-01-19,5.68,0.056799999999999996
2022-01-20,5.68,0.056799999999999996
2022-01-21,5.68,0.056799999999999996
2022-01-22,5.68,0.056799999999999996
2022-01-23,5.68,0.056799999999999996
2022-01-24,5.68,0.056799999999999996
2022-01-25,5.68,0.056799999999999996
2022-01-26,5.68,0.056799999999999996
2022-01-27,5.68,0.056799999999999996
2022-01-28,5.68,0.056799999999999996
2022-01-29,5.68,0.056799999999999996
2022-01-30,5.68,0.056799999999999996
2022-01-31,5.68,0.056799999999999996
2022-02-01,6.15,0.061500000000000006
2022-02-02,6.15,0.061500000000000006
2022-02-03,6.15,0.061500000000000006
2022-02-04,6.15,0.061500000000000006
2022-02-05,6.15,0.061500000000000006
2022-02-06,6.15,0.061500000000000006
2022-02-07,6.15,0.061500000000000006
2022-02-08,6.15,0.061500000000000006
2022-02-09,6.15,0.061500000000000006
2022-02-10,6.15,0.061500000000000006
2022-02-11,6.15,0.061500000000000006
2022-02-12,6.15,0.061500000000000006
2022-02-13,6.15,0.061500000000000006
2022-02-14,6.15,0.061500000000000006
2022-02-15,6.15,0.061500000000000006
2022-02-16,6.15,0.061500000000000006
2022-02-17,6.15,0.061500000000000006
2022-02-18,6.15,0.061500000000000006
2022-02-19,6.15,0.061500000000000006
2022-02-20,6.15,0.061500000000000006
2022-02-21,6.15,0.061500000000000006
2022-02-22,6.15,0.061500000000000006
2022-02-23,6.15,0.061500000000000006
2022-02-24,6.15,0.061500000000000006
2022-02-25,6.15,0.061500000000000006
2022-02-26,6.15,0.061500000000000006
2022-02-27,6.15,0.061500000000000006
2022-02-28,6.15,0.061500000000000006
2022-03-01,6.82,0.0682
2022-03-02,6.82,0.0682
2022-03-03,6.82,0.0682
2022-03-04,6.82,0.0682
2022-03-05,6.82,0.0682
2022-03-06,6.82,0.0682
2022-03-07,6.82,0.0682
2022-03-08,6.82,0.0682
2022-03-09,6.82,0.0682
2022-03-10,6.82,0.0682
2022-03-11,6.82,0.0682
2022-03-12,6.82,0.0682
2022-03-13,6.82,0.0682
2022-03-14,6.82,0.0682
2022-03-15,6.82,0.0682
2022-03-16,6.82,0.0682
2022-03-17,6.82,0.0682
2022-03-18,6.82,0.0682
2022-03-19,6.82,0.0682
2022-03-20,6.82,0.0682
2022-03-21,6.82,0.0682
2022-03-22,6.82,0.0682
2022-03-23,6.82,0.0682
2022-03-24,6.82,0.0682
2022-03-25,6.82,0.0682
2022-03-26,6.82,0.0682
2022-03-27,6.82,0.0682
2022-03-28,6.82,0.0682
2022-03-29,6.82,0.0682
2022-03-30,6.82,0.0682
2022-03-31,6.82,0.0682
2022-04-01,7.96,0.0796
2022-04-02,7.96,0.0796
2022-04-03,7.96,0.0796
2022-04-04,7.96,0.0796
2022-04-05,7.96,0.0796
2022-04-06,7.96,0.0796
2022-04-07,7.96,0.0796
2022-04-08,7.96,0.0796
2022-04-09,7.96,0.0796
2022-04-10,7.96,0.0796
2022-04-11,7.96,0.0796
2022-04-12,7.96,0.0796
2022-04-13,7.96,0.0796
2022-04-14,7.96,0.0796
2022-04-15,7.96,0.0796
2022-04-16,7.96,0.0796
2022-04-17,7.96,0.0796
2022-04-18,7.96,0.0796
2022-04-19,7.96,0.0796
2022-04-20,7.96,0.0796
2022-04-21,7.96,0.0796
2022-04-22,7.96,0.0796
2022-04-23,7.96,0.0796
2022-04-24,7.96,0.0796
2022-04-25,7.96,0.0796
2022-04-26,7.96,0.0796
2022-04-27,7.96,0.0796
2022-04-28,7.96,0.0796
2022-04-29,7.96,0.0796
2022-04-30,7.96,0.0796
2022-05-01,8.09,0.0809
2022-05-02,8.09,0.0809
2022-05-03,8.09,0.0809
2022-05-04,8.09,0.0809
2022-05-05,8.09,0.0809
2022-05-06,8.09,0.0809
2022-05-07,8.09,0.0809
2022-05-08,8.09,0.0809
2022-05-09,8.09,0.0809
2022-05-10,8.09,0.0809
2022-05-11,8.09,0.0809
2022-05-12,8.09,0.0809
2022-05-13,8.09,0.0809
2022-05-14,8.09,0.0809
2022-05-15,8.09,0.0809
2022-05-16,8.09,0.0809
2022-05-17,8.09,0.0809
2022-05-18,8.09,0.0809
2022-05-19,8.09,0.0809
2022-05-20,8.09,0.0809
2022-05-21,8.09,0.0809
2022-05-22,8.09,0.0809
2022-05-23,8.09,0.0809
2022-05-24,8.09,0.0809
2022-05-25,8.09,0.0809
2022-05-26,8.09,0.0809
2022-05-27,8.09,0.0809
2022-05-28,8.09,0.0809
2022-05-29,8.09,0.0809
2022-05-30,8.09,0.0809
2022-05-31,8.09,0.0809
2022-06-01,8.81,0.08810000000000001
2022-06-02,8.81,0.08810000000000001
2022-06-03,8.81,0.08810000000000001
2022-06-04,8.81,0.08810000000000001
2022-06-05,8.81,0.08810000000000001
2022-06-06,8.81,0.08810000000000001
2022-06-07,8.81,0.08810000000000001
2022-06-08,8.81,0.08810000000000001
2022-06-09,8.81,0.08810000000000001
2022-06-10,8.81,0.08810000000000001
2022-06-11,8.81,0.08810000000000001
2022-06-12,8.81,0.08810000000000001
2022-06-13,8.81,0.08810000000000001
2022-06-14,8.81,0.08810000000000001
2022-06-15,8.81,0.08810000000000001
2022-06-16,8.81,0.08810000000000001
2022-06-17,8.81,0.08810000000000001
2022-06-18,8.81,0.08810000000000001
2022-06-19,8.81,0.08810000000000001
2022-06-20,8.81,0.08810000000000001
2022-06-21,8.81,0.08810000000000001
2022-06-22,8.81,0.08810000000000001
2022-06-23,8.81,0.08810000000000001
2022-06-24,8.81,0.08810000000000001
2022-06-25,8.81,0.08810000000000001
2022-06-26,8.81,0.08810000000000001
2022-06-27,8.81,0.08810000000000001
2022-06-28,8.81,0.08810000000000001
2022-06-29,8.81,0.08810000000000001
2022-06-30,8.81,0.08810000000000001
2022-07-01,8.74,0.0874
2022-07-02,8.74,0.0874
2022-07-03,8.74,0.0874
2022-07-04,8.74,0.0874
2022-07-05,8.74,0.0874
2022-07-06,8.74,0.0874
2022-07-07,8.74,0.0874
2022-07-08,8.74,0.0874
2022-07-09,8.74,0.0874
2022-07-10,8.74,0.0874
2022-07-11,8.74,0.0874
2022-07-12,8.74,0.0874
2022-07-13,8.74,0.0874
2022-07-14,8.74,0.0874
2022-07-15,8.74,0.0874
2022-07-16,8.74,0.0874
2022-07-17,8.74,0.0874
2022-07-18,8.74,0.0874
2022-07-19,8.74,0.0874
2022-07-20,8.74,0.0874
2022-07-21,8.74,0.0874
2022-07-22,8.74,0.0874
2022-07-23,8.74,0.0874
2022-07-24,8.74,0.0874
2022-07-25,8.74,0.0874
2022-07-26,8.74,0.0874
2022-07-27,8.74,0.0874
2022-07-28,8.74,0.0874
2022-07-29,8.74,0.0874
2022-07-30,8.74,0.0874
2022-07-31,8.74,0.0874
2022-08-01,8.4,0.084
2022-08-02,8.4,0.084
2022-08-03,8.4,0.084
2022-08-04,8.4,0.084
2022-08-05,8.4,0.084
2022-08-06,8.4,0.084
2022-08-07,8.4,0.084
2022-08-08,8.4,0.084
2022-08-09,8.4,0.084
2022-08-10,8.4,0.084
2022-08-11,8.4,0.084
2022-08-12,8.4,0.084
2022-08-13,8.4,0.084
2022-08-14,8.4,0.084
2022-08-15,8.4,0.084
2022-08-16,8.4,0.084
2022-08-17,8.4,0.084
2022-08-18,8.4,0.084
2022-08-19,8.4,0.084
2022-08-20,8.4,0.084
2022-08-21,8.4,0.084
2022-08-22,8.4,0.084
2022-08-23,8.4,0.084
2022-08-24,8.4,0.084
2022-08-25,8.4,0.084
2022-08-26,8.4,0.084
2022-08-27,8.4,0.084
2022-08-28,8.4,0.084
2022-08-29,8.4,0.084
2022-08-30,8.4,0.084
2022-08-31,8.4,0.084
2022-09-01,8.53,0.08529999999999999
2022-09-02,8.53,0.08529999999999999
2022-09-03,8.53,0.08529999999999999
2022-09-04,8.53,0.08529999999999999
2022-09-05,8.53,0.08529999999999999
2022-09-06,8.53,0.08529999999999999
2022-09-07,8.53,0.08529999999999999
2022-09-08,8.53,0.08529999999999999
2022-09-09,8.53,0.08529999999999999
2022-09-10,8.53,0.08529999999999999
2022-09-11,8.53,0.08529999999999999
2022-09-12,8.53,0.08529999999999999
2022-09-13,8.53,0.08529999999999999
2022-09-14,8.53,0.08529999999999999
2022-09-15,8.53,0.08529999999999999
2022-09-16,8.53,0.08529999999999999
2022-09-17,8.53,0.08529999999999999
2022-09-18,8.53,0.08529999999999999
2022-09-19,8.53,0.08529999999999999
2022-09-20,8.53,0.08529999999999999
2022-09-21,8.53,0.08529999999999999
2022-09-22,8.53,0.08529999999999999
2022-09-23,8.53,0.08529999999999999
2022-09-24,8.53,0.08529999999999999
2022-09-25,8.53,0.08529999999999999
2022-09-26,8.53,0.08529999999999999
2022-09-27,8.53,0.08529999999999999
2022-09-28,8.53,0.08529999999999999
2022-09-29,8.53,0.08529999999999999
2022-09-30,8.53,0.08529999999999999
2022-10-01,8.28,0.0828
2022-10-02,8.28,0.0828
2022-10-03,8.28,0.0828
2022-10-04,8.28,0.0828
2022-10-05,8.28,0.0828
2022-10-06,8.28,0.0828
2022-10-07,8.28,0.0828
2022-10-08,8.28,0.0828
2022-10-09,8.28,0.0828
2022-10-10,8.28,0.0828
2022-10-11,8.28,0.0828
2022-10-12,8.28,0.0828
2022-10-13,8.28,0.0828
2022-10-14,8.28,0.0828
2022-10-15,8.28,0.0828
2022-10-16,8.28,0.0828
2022-10-17,8.28,0.0828
2022-10-18,8.28,0.0828
2022-10-19,8.28,0.0828
2022-10-20,8.28,0.0828
2022-10-21,8.28,0.0828
2022-10-22,8.28,0.0828
2022-10-23,8.28,0.0828
2022-10-24,8.28,0.0828
2022-10-25,8.28,0.0828
2022-10-26,8.28,0.0828
2022-10-27,8.28,0.0828
2022-10-28,8.28,0.0828
2022-10-29,8.28,0.0828
2022-10-30,8.28,0.0828
2022-10-31,8.28,0.0828
2022-11-01,8.45,0.08449999999999999
2022-11-02,8.45,0.08449999999999999
2022-11-03,8.45,0.08449999999999999
2022-11-04,8.45,0.08449999999999999
2022-11-05,8.45,0.08449999999999999
2022-11-06,8.45,0.08449999999999999
2022-11-07,8.45,0.08449999999999999
2022-11-08,8.45,0.08449999999999999
2022-11-09,8.45,0.08449999999999999
2022-11-10,8.45,0.08449999999999999
2022-11-11,8.45,0.08449999999999999
2022-11-12,8.45,0.08449999999999999
2022-11-13,8.45,0.08449999999999999
2022-11-14,8.45,0.08449999999999999
2022-11-15,8.45,0.08449999999999999
2022-11-16,8.45,0.08449999999999999
2022-11-17,8.45,0.08449999999999999
2022-11-18,8.45,0.08449999999999999
2022-11-19,8.45,0.08449999999999999
2022-11-20,8.45,0.08449999999999999
2022-11-21,8.45,0.08449999999999999
2022-11-22,8.45,0.08449999999999999
2022-11-23,8.45,0.08449999999999999
2022-11-24,8.45,0.08449999999999999
2022-11-25,8.45,0.08449999999999999
2022-11-26,8.45,0.08449999999999999
2022-11-27,8.45,0.08449999999999999
2022-11-28,8.45,0.08449999999999999
2022-11-29,8.45,0.08449999999999999
2022-11-30,8.45,0.08449999999999999
2022-12-01,8.46,0.08460000000000001
2022-12-02,8.46,0.08460000000000001
2022-12-03,8.46,0.08460000000000001
2022-12-04,8.46,0.08460000000000001
2022-12-05,8.46,0.08460000000000001
2022-12-06,8.46,0.08460000000000001
2022-12-07,8.46,0.08460000000000001
2022-12-08,8.46,0.08460000000000001
2022-12-09,8.46,0.08460000000000001
2022-12-10,8.46,0.08460000000000001
2022-12-11,8.46,0.08460000000000001
2022-12-12,8.46,0.08460000000000001
2022-12-13,8.46,0.08460000000000001
2022-12-14,8.46,0.08460000000000001
2022-12-15,8.46,0.08460000000000001
2022-12-16,8.46,0.08460000000000001
2022-12-17,8.46,0.08460000000000001
2022-12-18,8.46,0.08460000000000001
2022-12-19,8.46,0.08460000000000001
2022-12-20,8.46,0.08460000000000001
2022-12-21,8.46,0.08460000000000001
2022-12-22,8.46,0.08460000000000001
2022-12-23,8.46,0.08460000000000001
2022-12-24,8.46,0.08460000000000001
2022-12-25,8.46,0.08460000000000001
2022-12-26,8.46,0.08460000000000001
2022-12-27,8.46,0.08460000000000001
2022-12-28,8.46,0.08460000000000001
2022-12-29,8.46,0.08460000000000001
2022-12-30,8.46,0.08460000000000001
2022-12-31,8.46,0.08460000000000001
2023-01-01,8.66,0.0866
2023-01-02,8.66,0.0866
2023-01-03,8.66,0.0866
2023-01-04,8.66,0.0866
2023-01-05,8.66,0.0866
2023-01-06,8.66,0.0866
2023-01-07,8.66,0.0866
2023-01-08,8.66,0.0866
2023-01-09,8.66,0.0866
2023-01-10,8.66,0.0866
2023-01-11,8.66,0.0866
2023-01-12,8.66,0.0866
2023-01-13,8.66,0.0866
2023-01-14,8.66,0.0866
2023-01-15,8.66,0.0866
2023-01-16,8.66,0.0866
2023-01-17,8.66,0.0866
2023-01-18,8.66,0.0866
2023-01-19,8.66,0.0866
2023-01-20,8.66,0.0866
2023-01-21,8.66,0.0866
2023-01-22,8.66,0.0866
2023-01-23,8.66,0.0866
2023-01-24,8.66,0.0866
2023-01-25,8.66,0.0866
2023-01-26,8.66,0.0866
2023-01-27,8.66,0.0866
2023-01-28,8.66,0.0866
2023-01-29,8.66,0.0866
2023-01-30,8.66,0.0866
2023-01-31,8.66,0.0866
2023-02-01,8.65,0.08650000000000001
2023-02-02,8.65,0.08650000000000001
2023-02-03,8.65,0.08650000000000001
2023-02-04,8.65,0.08650000000000001
2023-02-05,8.65,0.08650000000000001
2023-02-06,8.65,0.08650000000000001
2023-02-07,8.65,0.08650000000000001
2023-02-08,8.65,0.08650000000000001
2023-02-09,8.65,0.08650000000000001
2023-02-10,8.65,0.08650000000000001
2023-02-11,8.65,0.08650000000000001
2023-02-12,8.65,0.08650000000000001
2023-02-13,8.65,0.08650000000000001
2023-02-14,8.65,0.08650000000000001
2023-02-15,8.65,0.08650000000000001
2023-02-16,8.65,0.08650000000000001
2023-02-17,8.65,0.08650000000000001
2023-02-18,8.65,0.08650000000000001
2023-02-19,8.65,0.08650000000000001
2023-02-20,8.65,0.08650000000000001
2023-02-21,8.65,0.08650000000000001
2023-02-22,8.65,0.08650000000000001
2023-02-23,8.65,0.08650000000000001
2023-02-24,8.65,0.08650000000000001
2023-02-25,8.65,0.08650000000000001
2023-02-26,8.65,0.08650000000000001
2023-02-27,8.65,0.08650000000000001
2023-02-28,8.65,0.08650000000000001
2023-03-01,8.4,0.084
2023-03-02,8.4,0.084
2023-03-03,8.4,0.084
2023-03-04,8.4,0.084
2023-03-05,8.4,0.084
2023-03-06,8.4,0.084
2023-03-07,8.4,0.084
2023-03-08,8.4,0.084
2023-03-09,8.4,0.084
2023-03-10,8.4,0.084
2023-03-11,8.4,0.084
2023-03-12,8.4,0.084
2023-03-13,8.4,0.084
2023-03-14,8.4,0.084
2023-03-15,8.4,0.084
2023-03-16,8.4,0.084
2023-03-17,8.4,0.084
2023-03-18,8.4,0.084
2023-03-19,8.4,0.084
2023-03-20,8.4,0.084
2023-03-21,8.4,0.084
2023-03-22,8.4,0.084
2023-03-23,8.4,0.084
2023-03-24,8.4,0.084
2023-03-25,8.4,0.084
2023-03-26,8.4,0.084
2023-03-27,8.4,0.084
2023-03-28,8.4,0.084
2023-03-29,8.4,0.084
2023-03-30,8.4,0.084
2023-03-31,8.4,0.084
2023-04-01,7.97,0.0797
2023-04-02,7.97,0.0797
2023-04-03,7.97,0.0797
2023-04-04,7.97,0.0797
2023-04-05,7.97,0.0797
2023-04-06,7.97,0.0797
2023-04-07,7.97,0.0797
2023-04-08,7.97,0.0797
2023-04-09,7.97,0.0797
2023-04-10,7.97,0.0797
2023-04-11,7.97,0.0797
2023-04-12,7.97,0.0797
2023-04-13,7.97,0.0797
2023-04-14,7.97,0.0797
2023-04-15,7.97,0.0797
2023-04-16,7.97,0.0797
2023-04-17,7.97,0.0797
2023-04-18,7.97,0.0797
2023-04-19,7.97,0.0797
2023-04-20,7.97,0.0797
2023-04-21,7.97,0.0797
2023-04-22,7.97,0.0797
2023-04-23,7.97,0.0797
2023-04-24,7.97,0.0797
2023-04-25,7.97,0.0797
2023-04-26,7.97,0.0797
2023-04-27,7.97,0.0797
2023-04-28,7.97,0.0797
2023-04-29,7.97,0.0797
2023-04-30,7.97,0.0797
2023-05-01,7.89,0.0789
2023-05-02,7.89,0.0789
2023-05-03,7.89,0.0789
2023-05-04,7.89,0.0789
2023-05-05,7.89,0.0789
2023-05-06,7.89,0.0789
2023-05-07,7.89,0.0789
2023-05-08,7.89,0.0789
2023-05-09,7.89,0.0789
2023-05-10,7.89,0.0789
2023-05-11,7.89,0.0789
2023-05-12,7.89,0.0789
2023-05-13,7.89,0.0789
2023-05-14,7.89,0.0789
2023-05-15,7.89,0.0789
2023-05-16,7.89,0.0789
2023-05-17,7.89,0.0789
2023-05-18,7.89,0.0789
2023-05-19,7.89,0.0789
2023-05-20,7.89,0.0789
2023-05-21,7.89,0.0789
2023-05-22,7.89,0.0789
2023-05-23,7.89,0.0789
2023-05-24,7.89,0.0789
2023-05-25,7.89,0.0789
2023-05-26,7.89,0.0789
2023-05-27,7.89,0.0789
2023-05-28,7.89,0.0789
2023-05-29,7.89,0.0789
2023-05-30,7.89,0.0789
2023-05-31,7.89,0.0789
2023-06-01,6.46,0.0646
2023-06-02,6.46,0.0646
2023-06-03,6.46,0.0646
2023-06-04,6.46,0.0646
2023-06-05,6.46,0.0646
2023-06-06,6.46,0.0646
2023-06-07,6.46,0.0646
2023-06-08,6.46,0.0646
2023-06-09,6.46,0.0646
2023-06-10,6.46,0.0646
2023-06-11,6.46,0.0646
2023-06-12,6.46,0.0646
2023-06-13,6.46,0.0646
2023-06-14,6.46,0.0646
2023-06-15,6.46,0.0646
2023-06-16,6.46,0.0646
2023-06-17,6.46,0.0646
2023-06-18,6.46,0.0646
2023-06-19,6.46,0.0646
2023-06-20,6.46,0.0646
2023-06-21,6.46,0.0646
2023-06-22,6.46,0.0646
2023-06-23,6.46,0.0646
2023-06-24,6.46,0.0646
2023-06-25,6.46,0.0646
2023-06-26,6.46,0.0646
2023-06-27,6.46,0.0646
2023-06-28,6.46,0.0646
2023-06-29,6.46,0.0646
2023-06-30,6.46,0.0646
2023-07-01,5.88,0.0588
2023-07-02,5.88,0.0588
2023-07-03,5.88,0.0588
2023-07-04,5.88,0.0588
2023-07-05,5.88,0.0588
2023-07-06,5.88,0.0588
2023-07-07,5.88,0.0588
2023-07-08,5.88,0.0588
2023-07-09,5.88,0.0588
2023-07-10,5.88,0.0588
2023-07-11,5.88,0.0588
2023-07-12,5.88,0.0588
2023-07-13,5.88,0.0588
2023-07-14,5.88,0.0588
2023-07-15,5.88,0.0588
2023-07-16,5.88,0.0588
2023-07-17,5.88,0.0588
2023-07-18,5.88,0.0588
2023-07-19,5.88,0.0588
2023-07-20,5.88,0.0588
2023-07-21,5.88,0.0588
2023-07-22,5.88,0.0588
2023-07-23,5.88,0.0588
2023-07-24,5.88,0.0588
2023-07-25,5.88,0.0588
2023-07-26,5.88,0.0588
2023-07-27,5.88,0.0588
2023-07-28,5.88,0.0588
2023-07-29,5.88,0.0588
2023-07-30,5.88,0.0588
2023-07-31,5.88,0.0588
2023-08-01,5.58,0.0558
2023-08-02,5.58,0.0558
2023-08-03,5.58,0.0558
2023-08-04,5.58,0.0558
2023-08-05,5.58,0.0558
2023-08-06,5.58,0.0558
2023-08-07,5.58,0.0558
2023-08-08,5.58,0.0558
2023-08-09,5.58,0.0558
2023-08-10,5.58,0.0558
2023-08-11,5.58,0.0558
2023-08-12,5.58,0.0558
2023-08-13,5.58,0.0558
2023-08-14,5.58,0.0558
2023-08-15,5.58,0.0558
2023-08-16,5.58,0.0558
2023-08-17,5.58,0.0558
2023-08-18,5.58,0.0558
2023-08-19,5.58,0.0558
2023-08-20,5.58,0.0558
2023-08-21,5.58,0.0558
2023-08-22,5.58,0.0558
2023-08-23,5.58,0.0558
2023-08-24,5.58,0.0558
2023-08-25,5.58,0.0558
2023-08-26,5.58,0.0558
2023-08-27,5.58,0.0558
2023-08-28,5.58,0.0558
2023-08-29,5.58,0.0558
2023-08-30,5.58,0.0558
2023-08-31,5.58,0.0558
2023-09-01,5.04,0.0504
2023-09-02,5.04,0.0504
2023-09-03,5.04,0.0504
2023-09-04,5.04,0.0504
2023-09-05,5.04,0.0504
2023-09-06,5.04,0.0504
2023-09-07,5.04,0.0504
2023-09-08,5.04,0.0504
2023-09-09,5.04,0.0504
2023-09-10,5.04,0.0504
2023-09-11,5.04,0.0504
2023-09-12,5.04,0.0504
2023-09-13,5.04,0.0504
2023-09-14,5.04,0.0504
2023-09-15,5.04,0.0504
2023-09-16,5.04,0.0504
2023-09-17,5.04,0.0504
2023-09-18,5.04,0.0504
2023-09-19,5.04,0.0504
2023-09-20,5.04,0.0504
2023-09-21,5.04,0.0504
2023-09-22,5.04,0.0504
2023-09-23,5.04,0.0504
2023-09-24,5.04,0.0504
2023-09-25,5.04,0.0504
2023-09-26,5.04,0.0504
2023-09-27,5.04,0.0504
2023-09-28,5.04,0.0504
2023-09-29,5.04,0.0504
2023-09-30,5.04,0.0504
2023-10-01,4.34,0.0434
2023-10-02,4.34,0.0434
2023-10-03,4.34,0.0434
2023-10-04,4.34,0.0434
2023-10-05,4.34,0.0434
2023-10-06,4.34,0.0434
2023-10-07,4.34,0.0434
2023-10-08,4.34,0.0434
2023-10-09,4.34,0.0434
2023-10-10,4.34,0.0434
2023-10-11,4.34,0.0434
2023-10-12,4.34,0.0434
2023-10-13,4.34,0.0434
2023-10-14,4.34,0.0434
2023-10-15,4.34,0.0434
2023-10-16,4.34,0.0434
2023-10-17,4.34,0.0434
2023-10-18,4.34,0.0434
2023-10-19,4.34,0.0434
2023-10-20,4.34,0.0434
2023-10-21,4.34,0.0434
2023-10-22,4.34,0.0434
2023-10-23,4.34,0.0434
2023-10-24,4.34,0.0434
2023-10-25,4.34,0.0434
2023-10-26,4.34,0.0434
2023-10-27,4.34,0.0434
2023-10-28,4.34,0.0434
2023-10-29,4.34,0.0434
2023-10-30,4.34,0.0434
2023-10-31,4.34,0.0434
2023-11-01,3.64,0.0364
2023-11-02,3.64,0.0364
2023-11-03,3.64,0.0364
2023-11-04,3.64,0.0364
2023-11-05,3.64,0.0364
2023-11-06,3.64,0.0364
2023-11-07,3.64,0.0364
2023-11-08,3.64,0.0364
2023-11-09,3.64,0.0364
2023-11-10,3.64,0.0364
2023-11-11,3.64,0.0364
2023-11-12,3.64,0.0364
2023-11-13,3.64,0.0364
2023-11-14,3.64,0.0364
2023-11-15,3.64,0.0364
2023-11-16,3.64,0.0364
2023-11-17,3.64,0.0364
2023-11-18,3.64,0.0364
2023-11-19,3.64,0.0364
2023-11-20,3.64,0.0364
2023-11-21,3.64,0.0364
2023-11-22,3.64,0.0364
2023-11-23,3.64,0.0364
2023-11-24,3.64,0.0364
2023-11-25,3.64,0.0364
2023-11-26,3.64,0.0364
2023-11-27,3.64,0.0364
2023-11-28,3.64,0.0364
2023-11-29,3.64,0.0364
2023-11-30,3.64,0.0364
2023-12-01,3.24,0.032400000000000005
2023-12-02,3.24,0.032400000000000005
2023-12-03,3.24,0.032400000000000005
2023-12-04,3.24,0.032400000000000005
2023-12-05,3.24,0.032400000000000005
2023-12-06,3.24,0.032400000000000005
2023-12-07,3.24,0.032400000000000005
2023-12-08,3.24,0.032400000000000005
2023-12-09,3.24,0.032400000000000005
2023-12-10,3.24,0.032400000000000005
2023-12-11,3.24,0.032400000000000005
2023-12-12,3.24,0.032400000000000005
2023-12-13,3.24,0.032400000000000005
2023-12-14,3.24,0.032400000000000005
2023-12-15,3.24,0.032400000000000005
2023-12-16,3.24,0.032400000000000005
2023-12-17,3.24,0.032400000000000005
2023-12-18,3.24,0.032400000000000005
2023-12-19,3.24,0.032400000000000005
2023-12-20,3.24,0.032400000000000005
2023-12-21,3.24,0.032400000000000005
2023-12-22,3.24,0.032400000000000005
2023-12-23,3.24,0.032400000000000005
2023-12-24,3.24,0.032400000000000005
2023-12-25,3.24,0.032400000000000005
2023-12-26,3.24,0.032400000000000005
2023-12-27,3.24,0.032400000000000005
2023-12-28,3.24,0.032400000000000005
2023-12-29,3.24,0.032400000000000005
2023-12-30,3.24,0.032400000000000005
2023-12-31,3.24,0.032400000000000005
2024-01-01,3.02,0.0302
2024-01-02,3.02,0.0302
2024-01-03,3.02,0.0302
2024-01-04,3.02,0.0302
2024-01-05,3.02,0.0302
2024-01-06,3.02,0.0302
2024-01-07,3.02,0.0302
2024-01-08,3.02,0.0302
2024-01-09,3.02,0.0302
2024-01-10,3.02,0.0302
2024-01-11,3.02,0.0302
2024-01-12,3.02,0.0302
2024-01-13,3.02,0.0302
2024-01-14,3.02,0.0302
2024-01-15,3.02,0.0302
2024-01-16,3.02,0.0302
2024-01-17,3.02,0.0302
2024-01-18,3.02,0.0302
2024-01-19,3.02,0.0302
2024-01-20,3.02,0.0302
2024-01-21,3.02,0.0302
2024-01-22,3.02,0.0302
2024-01-23,3.02,0.0302
2024-01-24,3.02,0.0302
2024-01-25,3.02,0.0302
2024-01-26,3.02,0.0302
2024-01-27,3.02,0.0302
2024-01-28,3.02,0.0302
2024-01-29,3.02,0.0302
2024-01-30,3.02,0.0302
2024-01-31,3.02,0.0302
2024-02-01,3.29,0.0329
2024-02-02,3.29,0.0329
2024-02-03,3.29,0.0329
2024-02-04,3.29,0.0329
2024-02-05,3.29,0.0329
2024-02-06,3.29,0.0329
2024-02-07,3.29,0.0329
2024-02-08,3.29,0.0329
2024-02-09,3.29,0.0329
2024-02-10,3.29,0.0329
2024-02-11,3.29,0.0329
2024-02-12,3.29,0.0329
2024-02-13,3.29,0.0329
2024-02-14,3.29,0.0329
2024-02-15,3.29,0.0329
2024-02-16,3.29,0.0329
2024-02-17,3.29,0.0329
2024-02-18,3.29,0.0329
2024-02-19,3.29,0.0329
2024-02-20,3.29,0.0329
2024-02-21,3.29,0.0329
2024-02-22,3.29,0.0329
2024-02-23,3.29,0.0329
2024-02-24,3.29,0.0329
2024-02-25,3.29,0.0329
2024-02-26,3.29,0.0329
2024-02-27,3.29,0.0329
2024-02-28,3.29,0.0329
2024-02-29,3.29,0.0329
2024-03-01,3.05,0.0305
2024-03-02,3.05,0.0305
2024-03-03,3.05,0.0305
2024-03-04,3.05,0.0305
2024-03-05,3.05,0.0305
2024-03-06,3.05,0.0305
2024-03-07,3.05,0.0305
2024-03-08,3.05,0.0305
2024-03-09,3.05,0.0305
2024-03-10,3.05,0.0305
2024-03-11,3.05,0.0305
2024-03-12,3.05,0.0305
2024-03-13,3.05,0.0305
2024-03-14,3.05,0.0305
2024-03-15,3.05,0.0305
2024-03-16,3.05,0.0305
2024-03-17,3.05,0.0305
2024-03-18,3.05,0.0305
2024-03-19,3.05,0.0305
2024-03-20,3.05,0.0305
2024-03-21,3.05,0.0305
2024-03-22,3.05,0.0305
2024-03-23,3.05,0.0305
2024-03-24,3.05,0.0305
2024-03-25,3.05,0.0305
2024-03-26,3.05,0.0305
2024-03-27,3.05,0.0305
2024-03-28,3.05,0.0305
2024-03-29,3.05,0.0305
2024-03-30,3.05,0.0305
2024-03-31,3.05,0.0305
2024-04-01,2.42,0.0242
2024-04-02,2.42,0.0242
2024-04-03,2.42,0.0242
2024-04-04,2.42,0.0242
2024-04-05,2.42,0.0242
2024-04-06,2.42,0.0242
2024-04-07,2.42,0.0242
2024-04-08,2.42,0.0242
2024-04-09,2.42,0.0242
2024-04-10,2.42,0.0242
2024-04-11,2.42,0.0242
2024-04-12,2.42,0.0242
2024-04-13,2.42,0.0242
2024-04-14,2.42,0.0242
2024-04-15,2.42,0.0242
2024-04-16,2.42,0.0242
2024-04-17,2.42,0.0242
2024-04-18,2.42,0.0242
2024-04-19,2.42,0.0242
2024-04-20,2.42,0.0242
2024-04-21,2.42,0.0242
2024-04-22,2.42,0.0242
2024-04-23,2.42,0.0242
2024-04-24,2.42,0.0242
2024-04-25,2.42,0.0242
2024-04-26,2.42,0.0242
2024-04-27,2.42,0.0242
2024-04-28,2.42,0.0242
2024-04-29,2.42,0.0242
2024-04-30,2.42,0.0242
2024-05-01,2.0,0.02
2024-05-02,2.0,0.02
2024-05-03,2.0,0.02
2024-05-04,2.0,0.02
2024-05-05,2.0,0.02
2024-05-06,2.0,0.02
2024-05-07,2.0,0.02
2024-05-08,2.0,0.02
2024-05-09,2.0,0.02
2024-05-10,2.0,0.02
2024-05-11,2.0,0.02
2024-05-12,2.0,0.02
2024-05-13,2.0,0.02
2024-05-14,2.0,0.02
2024-05-15,2.0,0.02
2024-05-16,2.0,0.02
2024-05-17,2.0,0.02
2024-05-18,2.0,0.02
2024-05-19,2.0,0.02
2024-05-20,2.0,0.02
2024-05-21,2.0,0.02
2024-05-22,2.0,0.02
2024-05-23,2.0,0.02
2024-05-24,2.0,0.02
2024-05-25,2.0,0.02
2024-05-26,2.0,0.02
2024-05-27,2.0,0.02
2024-05-28,2.0,0.02
2024-05-29,2.0,0.02
2024-05-30,2.0,0.02
2024-05-31,2.0,0.02
2024-06-01,2.29,0.0229
2024-06-02,2.29,0.0229
2024-06-03,2.29,0.0229
2024-06-04,2.29,0.0229
2024-06-05,2.29,0.0229
2024-06-06,2.29,0.0229
2024-06-07,2.29,0.0229
2024-06-08,2.29,0.0229
2024-06-09,2.29,0.0229
2024-06-10,2.29,0.0229
2024-06-11,2.29,0.0229
2024-06-12,2.29,0.0229
2024-06-13,2.29,0.0229
2024-06-14,2.29,0.0229
2024-06-15,2.29,0.0229
2024-06-16,2.29,0.0229
2024-06-17,2.29,0.0229
2024-06-18,2.29,0.0229
2024-06-19,2.29,0.0229
2024-06-20,2.29,0.0229
2024-06-21,2.29,0.0229
2024-06-22,2.29,0.0229
2024-06-23,2.29,0.0229
2024-06-24,2.29,0.0229
2024-06-25,2.29,0.0229
2024-06-26,2.29,0.0229
2024-06-27,2.29,0.0229
2024-06-28,2.29,0.0229
2024-06-29,2.29,0.0229
2024-06-30,2.29,0.0229
2024-07-01,2.13,0.0213
2024-07-02,2.13,0.0213
2024-07-03,2.13,0.0213
2024-07-04,2.13,0.0213
2024-07-05,2.13,0.0213
2024-07-06,2.13,0.0213
2024-07-07,2.13,0.0213
2024-07-08,2.13,0.0213
2024-07-09,2.13,0.0213
2024-07-10,2.13,0.0213
2024-07-11,2.13,0.0213
2024-07-12,2.13,0.0213
2024-07-13,2.13,0.0213
2024-07-14,2.13,0.0213
2024-07-15,2.13,0.0213
2024-07-16,2.13,0.0213
2024-07-17,2.13,0.0213
2024-07-18,2.13,0.0213
2024-07-19,2.13,0.0213
2024-07-20,2.13,0.0213
2024-07-21,2.13,0.0213
2024-07-22,2.13,0.0213
2024-07-23,2.13,0.0213
2024-07-24,2.13,0.0213
2024-07-25,2.13,0.0213
2024-07-26,2.13,0.0213
2024-07-27,2.13,0.0213
2024-07-28,2.13,0.0213
2024-07-29,2.13,0.0213
2024-07-30,2.13,0.0213
2024-07-31,2.13,0.0213
2024-08-01,2.03,0.0203
2024-08-02,2.03,0.0203
2024-08-03,2.03,0.0203
2024-08-04,2.03,0.0203
2024-08-05,2.03,0.0203
2024-08-06,2.03,0.0203
2024-08-07,2.03,0.0203
2024-08-08,2.03,0.0203
2024-08-09,2.03,0.0203
2024-08-10,2.03,0.0203
2024-08-11,2.03,0.0203
2024-08-12,2.03,0.0203
2024-08-13,2.03,0.0203
2024-08-14,2.03,0.0203
2024-08-15,2.03,0.0203
2024-08-16,2.03,0.0203
2024-08-17,2.03,0.0203
2024-08-18,2.03,0.0203
2024-08-19,2.03,0.0203
2024-08-20,2.03,0.0203
2024-08-21,2.03,0.0203
2024-08-22,2.03,0.0203
2024-08-23,2.03,0.0203
2024-08-24,2.03,0.0203
2024-08-25,2.03,0.0203
2024-08-26,2.03,0.0203
2024-08-27,2.03,0.0203
2024-08-28,2.03,0.0203
2024-08-29,2.03,0.0203
2024-08-30,2.03,0.0203
2024-08-31,2.03,0.0203
2024-09-01,1.78,0.0178
2024-09-02,1.78,0.0178
2024-09-03,1.78,0.0178
2024-09-04,1.78,0.0178
2024-09-05,1.78,0.0178
2024-09-06,1.78,0.0178
2024-09-07,1.78,0.0178
2024-09-08,1.78,0.0178
2024-09-09,1.78,0.0178
2024-09-10,1.78,0.0178
2024-09-11,1.78,0.0178
2024-09-12,1.78,0.0178
2024-09-13,1.78,0.0178
2024-09-14,1.78,0.0178
2024-09-15,1.78,0.0178
2024-09-16,1.78,0.0178
2024-09-17,1.78,0.0178
2024-09-18,1.78,0.0178
2024-09-19,1.78,0.0178
2024-09-20,1.78,0.0178
2024-09-21,1.78,0.0178
2024-09-22,1.78,0.0178
2024-09-23,1.78,0.0178
2024-09-24,1.78,0.0178
2024-09-25,1.78,0.0178
2024-09-26,1.78,0.0178
2024-09-27,1.78,0.0178
2024-09-28,1.78,0.0178
2024-09-29,1.78,0.0178
2024-09-30,1.78,0.0178
2024-10-01,2.01,0.020099999999999996
2024-10-02,2.01,0.020099999999999996
2024-10-03,2.01,0.020099999999999996
2024-10-04,2.01,0.020099999999999996
2024-10-05,2.01,0.020099999999999996
2024-10-06,2.01,0.020099999999999996
2024-10-07,2.01,0.020099999999999996
2024-10-08,2.01,0.020099999999999996
2024-10-09,2.01,0.020099999999999996
2024-10-10,2.01,0.020099999999999996
2024-10-11,2.01,0.020099999999999996
2024-10-12,2.01,0.020099999999999996
2024-10-13,2.01,0.020099999999999996
2024-10-14,2.01,0.020099999999999996
2024-10-15,2.01,0.020099999999999996
2024-10-16,2.01,0.020099999999999996
2024-10-17,2.01,0.020099999999999996
2024-10-18,2.01,0.020099999999999996
2024-10-19,2.01,0.020099999999999996
2024-10-20,2.01,0.020099999999999996
2024-10-21,2.01,0.020099999999999996
2024-10-22,2.01,0.020099999999999996
2024-10-23,2.01,0.020099999999999996
2024-10-24,2.01,0.020099999999999996
2024-10-25,2.01,0.020099999999999996
2024-10-26,2.01,0.020099999999999996
2024-10-27,2.01,0.020099999999999996
2024-10-28,2.01,0.020099999999999996
2024-10-29,2.01,0.020099999999999996
2024-10-30,2.01,0.020099999999999996
2024-10-31,2.01,0.020099999999999996
2024-11-01,2.27,0.0227
2024-11-02,2.27,0.0227
2024-11-03,2.27,0.0227
2024-11-04,2.27,0.0227
2024-11-05,2.27,0.0227
2024-11-06,2.27,0.0227
2024-11-07,2.27,0.0227
2024-11-08,2.27,0.0227
2024-11-09,2.27,0.0227
2024-11-10,2.27,0.0227
2024-11-11,2.27,0.0227
2024-11-12,2.27,0.0227
2024-11-13,2.27,0.0227
2024-11-14,2.27,0.0227
2024-11-15,2.27,0.0227
2024-11-16,2.27,0.0227
2024-11-17,2.27,0.0227
2024-11-18,2.27,0.0227
2024-11-19,2.27,0.0227
2024-11-20,2.27,0.0227
2024-11-21,2.27,0.0227
2024-11-22,2.27,0.0227
2024-11-23,2.27,0.0227
2024-11-24,2.27,0.0227
2024-11-25,2.27,0.0227
2024-11-26,2.27,0.0227
2024-11-27,2.27,0.0227
2024-11-28,2.27,0.0227
2024-11-29,2.27,0.0227
2024-11-30,2.27,0.0227
2024-12-01,1.97,0.0197
2024-12-02,1.97,0.0197
2024-12-03,1.97,0.0197
2024-12-04,1.97,0.0197
2024-12-05,1.97,0.0197
2024-12-06,1.97,0.0197
2024-12-07,1.97,0.0197
2024-12-08,1.97,0.0197
2024-12-09,1.97,0.0197
2024-12-10,1.97,0.0197
2024-12-11,1.97,0.0197
2024-12-12,1.97,0.0197
2024-12-13,1.97,0.0197
2024-12-14,1.97,0.0197
2024-12-15,1.97,0.0197
2024-12-16,1.97,0.0197
2024-12-17,1.97,0.0197
2024-12-18,1.97,0.0197
2024-12-19,1.97,0.0197
2024-12-20,1.97,0.0197
2024-12-21,1.97,0.0197
2024-12-22,1.97,0.0197
2024-12-23,1.97,0.0197
2024-12-24,1.97,0.0197
2024-12-25,1.97,0.0197
2024-12-26,1.97,0.0197
2024-12-27,1.97,0.0197
2024-12-28,1.97,0.0197
2024-12-29,1.97,0.0197
2024-12-30,1.97,0.0197
2024-12-31,1.97,0.0197
